,Coluna1A_Coluna1B,Coluna2A_Coluna2B
0,0.472,0.577
1,0.356,0.0
2,0.528,0.539
3,0.488,0.577
4,0.505,0.613
5,0.505,0.0
6,0.589,0.0
7,0.6,0.0
8,0.431,0.0
9,0.501,0.544
10,0.429,0.0
11,0.458,0.0
12,0.634,0.0
13,0.544,0.473
14,0.454,0.0
15,0.526,0.444
16,0.0,0.429
17,0.49,0.49
18,0.607,0.54
19,0.403,0.54
20,0.503,0.0
21,0.517,0.502
22,0.512,0.661
23,0.519,0.0
24,0.438,0.0
25,0.535,0.561
26,0.0,0.0
27,0.522,0.496
28,0.424,0.0
29,0.532,0.0
30,0.441,0.683
31,0.348,0.0
32,0.458,1.0
33,0.556,0.0
34,0.547,0.0
35,0.501,0.398
36,0.426,0.0
37,0.0,0.0
38,0.657,0.0
39,0.533,0.0
40,0.443,0.0
41,0.515,0.418
42,0.444,0.6
43,0.458,0.496
44,0.495,0.0
45,0.422,0.0
46,0.433,0.0
47,0.0,0.41
48,0.385,0.413
49,0.0,0.0
50,0.567,0.0
51,0.511,0.889
52,0.452,0.0
53,0.456,0.302
54,0.579,0.0
55,0.621,0.0
56,0.695,0.0
57,0.528,0.437
58,0.531,0.0
59,0.0,0.0
60,0.451,0.403
61,0.626,0.0
62,0.519,0.917
63,0.543,0.513
64,0.452,0.0
65,0.535,0.595
66,0.504,0.0
67,0.671,0.0
68,0.587,0.0
69,0.54,0.0
70,0.0,0.54
71,0.483,0.0
72,0.531,0.0
73,0.0,0.463
74,0.602,0.551
75,0.42,0.601
76,0.467,0.0
77,0.0,0.0
78,0.574,0.567
79,0.524,0.905
80,0.607,0.0
81,0.375,0.54
82,0.453,0.607
83,0.378,0.0
84,0.605,0.0
85,0.432,0.439
86,0.467,0.0
87,0.679,0.525
88,0.0,0.0
89,0.598,0.0
90,0.468,0.0
91,0.493,0.0
92,0.39,0.528
93,0.629,0.518
94,0.69,0.0
95,0.0,0.544
96,0.0,0.597
97,0.501,0.517
98,0.614,0.0
99,0.407,0.526
100,0.619,0.0
101,0.621,0.0
102,0.0,0.0
103,0.479,0.0
104,0.502,0.0
105,0.0,0.0
106,0.448,0.524
107,0.489,0.0
108,0.448,0.0
109,0.0,0.0
110,0.476,0.0
111,0.0,0.0
112,0.439,0.299
113,0.42,0.357
114,0.0,0.0
115,0.417,0.0
116,0.422,0.561
117,0.0,0.0
118,0.0,0.0
119,0.0,0.0
120,0.0,0.0
121,0.0,0.642
122,0.0,0.498
123,0.442,0.0
124,0.0,0.0
125,0.557,0.842
126,0.644,0.0
127,0.0,0.73
128,0.505,0.789
129,0.533,0.0
130,0.682,0.613
131,0.447,0.595
132,0.608,0.357
133,0.421,0.0
134,0.0,0.0
135,0.448,0.0
136,0.475,0.0
137,0.0,0.0
138,0.447,0.0
139,0.0,0.449
140,0.513,0.0
141,0.426,0.0
142,0.56,0.0
143,0.565,0.688
144,0.496,0.0
145,0.519,0.0
146,0.607,0.0
147,0.64,0.866
148,0.487,0.53
149,0.501,0.0
150,0.553,0.415
151,0.55,0.0
152,0.596,0.561
153,0.547,0.0
154,0.481,0.86
155,0.588,0.0
156,0.606,0.911
157,0.533,0.562
158,0.5,0.613
159,0.499,0.0
160,0.448,0.561
161,0.414,0.613
162,0.0,0.0
163,0.485,0.0
164,0.633,0.0
165,0.0,0.0
166,0.491,0.0
167,0.0,0.932
168,0.526,0.0
169,0.502,0.53
170,0.397,0.0
171,0.514,0.0
172,0.602,0.0
173,0.463,0.0
174,0.546,0.0
175,0.518,0.0
176,0.504,0.0
177,0.55,0.0
178,0.602,0.688
179,0.55,0.0
180,0.463,0.0
181,0.542,0.561
182,0.55,0.0
183,0.507,0.0
184,0.483,0.0
185,0.48,0.0
186,0.68,0.0
187,0.667,0.0
188,0.614,0.0
189,0.606,0.0
190,0.0,0.0
191,0.563,0.486
192,0.444,0.0
193,0.555,0.0
194,0.521,0.613
195,0.524,0.544
196,0.322,0.0
197,0.442,0.591
198,0.424,0.403
199,0.643,0.307
200,0.424,0.561
201,0.537,0.0
202,0.644,0.0
203,0.53,0.0
204,0.626,1.0
205,0.0,0.0
206,0.608,0.664
207,0.414,0.491
208,0.625,0.0
209,0.472,0.0
210,0.588,0.489
211,0.587,0.897
212,0.591,0.0
213,0.564,0.489
214,0.467,0.437
215,0.0,0.511
216,0.574,0.0
217,0.418,0.0
218,0.509,0.0
219,0.407,0.432
220,0.437,0.489
221,0.499,0.6
222,0.45,0.0
223,0.578,0.544
224,0.688,0.0
225,0.49,0.0
226,0.525,0.0
227,0.507,0.0
228,0.506,0.0
229,0.423,0.0
230,0.538,0.544
231,0.555,0.0
232,0.401,0.526
233,0.0,0.0
234,0.385,0.557
235,0.582,0.0
236,0.546,0.936
237,0.603,0.0
238,0.489,0.489
239,0.598,0.0
240,0.837,0.0
241,0.579,0.0
242,0.538,0.0
243,0.685,0.746
244,0.494,0.506
245,0.478,1.0
246,0.508,0.0
247,0.579,0.561
248,0.509,0.0
249,0.606,0.0
250,0.595,0.502
251,0.581,0.401
252,0.473,0.613
253,0.45,0.0
254,0.514,0.0
255,0.48,0.542
256,0.617,0.0
257,0.41,0.516
258,0.381,0.556
259,0.5,0.0
260,0.583,0.0
261,0.588,0.0
262,0.739,0.0
263,0.507,0.0
264,0.759,0.0
265,0.517,0.561
266,0.528,0.0
267,0.677,0.0
268,0.464,0.0
269,0.5,0.0
270,0.501,0.0
271,0.524,0.0
272,0.532,0.0
273,0.619,0.484
274,0.416,0.488
275,0.543,0.0
276,0.426,0.582
277,0.547,0.0
278,0.493,0.0
279,0.547,0.0
280,0.0,0.0
281,0.543,0.0
282,0.418,0.0
283,0.578,0.0
284,0.562,0.0
285,0.549,0.501
286,0.5,0.0
287,0.515,0.437
288,0.589,0.0
289,0.542,0.0
290,0.539,0.567
291,0.442,0.0
292,0.509,0.0
293,0.514,0.551
294,0.0,0.54
295,0.404,0.0
296,0.431,0.0
297,0.511,0.0
298,0.599,0.0
299,0.478,0.0
300,0.509,0.0
301,0.6,0.561
302,0.702,0.0
303,0.557,0.505
304,0.537,0.0
305,0.588,0.778
306,0.595,0.489
307,0.0,0.458
308,0.0,0.0
309,0.0,0.0
310,0.408,0.0
311,0.402,0.0
312,0.311,0.0
313,0.768,0.593
314,0.539,0.498
315,0.0,0.0
316,0.567,0.0
317,0.432,0.0
318,0.481,0.561
319,0.415,0.0
320,0.552,0.0
321,0.575,0.0
322,0.39,1.0
323,0.567,0.556
324,0.535,0.0
325,0.556,0.0
326,0.491,0.847
327,0.521,0.69
328,0.547,0.6
329,0.589,0.514
330,0.594,0.0
331,0.56,0.463
332,0.531,0.0
333,0.512,0.0
334,0.0,0.454
335,0.367,0.561
336,0.456,0.0
337,0.601,0.0
338,0.0,0.758
339,0.418,0.0
340,0.424,0.0
341,0.519,0.562
342,0.626,0.0
343,0.526,0.0
344,0.544,0.0
345,0.485,0.562
346,0.0,0.0
347,0.454,0.917
348,0.282,0.0
349,0.484,0.613
350,0.48,0.0
351,0.635,0.0
352,0.0,0.682
353,0.665,0.0
354,0.404,0.0
355,0.397,0.544
356,0.577,0.578
357,0.672,0.0
358,0.0,0.0
359,0.571,0.0
360,0.448,0.0
361,0.526,0.497
362,0.39,0.0
363,0.512,0.0
364,0.683,0.458
365,0.648,0.0
366,0.417,0.0
367,0.589,0.0
368,0.601,0.0
369,0.466,0.0
370,0.577,0.521
371,0.603,0.0
372,0.621,0.0
373,0.377,0.0
374,0.39,0.0
375,0.481,0.0
376,0.45,0.0
377,0.556,0.437
378,0.454,0.0
379,0.548,0.0
380,0.449,0.0
381,0.607,0.613
382,0.539,0.0
383,0.521,0.0
384,0.57,0.0
385,0.505,0.362
386,0.512,0.613
387,0.506,0.0
388,0.534,0.481
389,0.344,0.561
390,0.37,0.448
391,0.553,0.459
392,0.48,0.605
393,0.427,0.0
394,0.345,0.0
395,0.0,0.437
396,0.5,0.431
397,0.53,0.0
398,0.556,0.643
399,0.0,0.0
400,0.556,0.0
401,0.513,0.0
402,0.465,0.0
403,0.567,0.593
404,0.49,0.0
405,0.313,0.544
406,0.46,0.0
407,0.0,0.496
408,0.0,0.489
409,0.424,0.0
410,0.495,0.419
411,0.518,0.0
412,0.524,0.0
413,0.543,0.0
414,0.42,0.489
415,0.556,0.0
416,0.616,0.688
417,0.0,0.0
418,0.614,0.0
419,0.465,0.437
420,0.43,0.515
421,0.566,0.0
422,0.623,0.428
423,0.647,0.567
424,0.0,0.498
425,0.713,0.444
426,0.623,0.471
427,0.547,0.548
428,0.589,0.0
429,0.498,0.426
430,0.564,0.551
431,0.481,0.41
432,0.484,0.0
433,0.0,0.561
434,0.508,0.448
435,0.589,0.0
436,0.0,0.0
437,0.519,0.0
438,0.677,0.0
439,0.603,0.0
440,0.298,0.489
441,0.473,0.0
442,0.546,0.0
443,0.428,0.0
444,0.522,0.0
445,0.41,0.0
446,0.603,0.633
447,0.637,0.0
448,0.545,0.0
449,0.533,0.573
450,0.522,0.0
451,0.531,0.0
452,0.411,0.0
453,0.585,0.0
454,0.574,0.0
455,0.356,0.0
456,0.493,0.0
457,0.587,0.0
458,0.418,0.0
459,0.604,0.696
460,0.647,0.306
461,0.547,0.0
462,0.501,0.659
463,0.611,0.496
464,0.351,0.0
465,0.0,0.554
466,0.54,0.0
467,0.455,0.489
468,0.448,0.489
469,0.574,0.0
470,0.601,0.514
471,0.476,0.556
472,0.0,0.533
473,0.676,0.0
474,0.611,0.0
475,0.65,0.0
476,0.502,0.0
477,0.0,0.0
478,0.5,0.0
479,0.505,0.394
480,0.535,0.0
481,0.431,0.0
482,0.0,0.0
483,0.645,0.0
484,0.589,0.0
485,0.63,0.0
486,0.532,0.688
487,0.0,0.0
488,0.463,0.0
489,0.512,0.0
490,0.519,0.0
491,0.526,0.0
492,0.496,0.0
493,0.619,0.0
494,0.538,0.0
495,0.563,0.54
496,0.0,0.0
497,0.588,0.0
498,0.596,0.528
499,0.511,0.0
500,0.464,0.0
501,0.487,0.456
502,0.467,0.0
503,0.0,0.0
504,0.0,0.0
505,0.692,0.0
506,0.0,0.0
507,0.53,1.0
508,0.442,0.0
509,0.513,0.0
510,0.6,0.0
511,0.0,0.0
512,0.0,0.619
513,0.566,0.0
514,0.487,0.0
515,0.489,0.0
516,0.517,0.0
517,0.472,0.0
518,0.483,0.532
519,0.481,0.432
520,0.417,0.561
521,0.311,0.0
522,0.686,0.403
523,0.51,0.5
524,0.0,0.0
525,0.0,0.0
526,0.574,0.0
527,0.374,0.0
528,0.0,0.0
529,0.53,0.0
530,0.0,0.0
531,0.578,0.53
532,0.582,0.0
533,0.48,0.0
534,0.537,0.561
535,0.576,0.0
536,0.556,0.0
537,0.488,0.567
538,0.376,0.508
539,0.453,0.0
540,0.551,0.464
541,0.54,0.0
542,0.0,0.465
543,0.437,0.0
544,0.528,0.0
545,0.514,0.534
546,0.481,0.544
547,0.496,0.0
548,0.579,0.0
549,0.584,0.561
550,0.417,0.0
551,0.609,0.912
552,0.525,0.0
553,0.464,0.0
554,0.416,0.432
555,0.627,0.799
556,0.526,0.0
557,0.606,0.0
558,0.649,0.0
559,0.444,0.0
560,0.519,0.532
561,0.464,0.0
562,0.0,0.561
563,0.0,0.0
564,0.541,0.0
565,0.586,0.639
566,0.508,0.0
567,0.552,0.0
568,0.609,0.0
569,0.463,0.0
570,0.374,0.489
571,0.591,0.0
572,0.667,0.616
573,0.571,0.682
574,0.461,0.544
575,0.509,0.0
576,0.611,0.0
577,0.556,0.0
578,0.532,0.633
579,0.0,0.0
580,0.503,0.622
581,0.531,0.469
582,0.602,0.508
583,0.509,0.53
584,0.0,0.0
585,0.464,0.0
586,0.513,0.436
587,0.538,0.0
588,0.574,0.661
589,0.657,0.0
590,0.707,0.0
591,0.438,0.413
592,0.493,0.0
593,0.665,0.0
594,0.514,0.905
595,0.587,0.505
596,0.576,0.0
597,0.54,0.431
598,0.531,0.0
599,0.557,0.561
600,0.436,0.0
601,0.547,0.0
602,0.494,0.561
603,0.426,0.53
604,0.499,0.489
605,0.306,0.0
606,0.442,0.0
607,0.483,0.489
608,0.0,0.0
609,0.479,0.633
610,0.521,0.546
611,0.567,0.466
612,0.515,0.0
613,0.606,0.893
614,0.606,0.0
615,0.423,0.0
616,0.621,0.395
617,0.542,0.42
618,0.444,0.0
619,0.0,0.0
620,0.642,0.0
621,0.504,0.0
622,0.596,0.429
623,0.477,0.589
624,0.449,0.613
625,0.475,0.489
626,0.299,0.0
627,0.541,0.0
628,0.0,0.821
629,0.486,0.762
630,0.574,0.0
631,0.627,0.0
632,0.554,0.554
633,0.51,0.0
634,0.444,0.0
635,0.427,0.556
636,0.607,0.543
637,0.562,0.708
638,0.437,0.0
639,0.384,0.0
640,0.361,0.0
641,0.532,0.467
642,0.552,0.0
643,0.0,0.542
644,0.0,0.688
645,0.0,0.0
646,0.639,0.613
647,0.5,0.583
648,0.486,0.561
649,0.313,0.0
650,0.671,0.0
651,0.502,0.561
652,0.5,0.561
653,0.433,0.0
654,0.617,0.696
655,0.608,0.0
656,0.393,0.0
657,0.0,0.542
658,0.0,0.0
659,0.431,0.0
660,0.571,0.542
661,0.463,0.613
662,0.603,0.0
663,0.537,0.0
664,0.562,0.0
665,0.515,0.0
666,0.543,0.0
667,0.452,0.0
668,0.464,0.0
669,0.448,0.0
670,0.564,0.0
671,0.49,0.0
672,0.467,0.0
673,0.435,0.0
674,0.561,0.444
675,0.506,0.0
676,0.418,0.0
677,0.535,0.893
678,0.519,0.0
679,0.647,0.0
680,0.534,0.0
681,0.5,0.556
682,0.464,0.613
683,0.519,0.639
684,0.0,0.0
685,0.571,0.561
686,0.482,0.0
687,0.633,0.0
688,0.466,0.0
689,0.436,0.0
690,0.0,0.543
691,0.553,0.0
692,0.528,0.431
693,0.547,0.905
694,0.481,0.0
695,0.559,0.0
696,0.504,0.0
697,0.6,0.543
698,0.644,0.0
699,0.542,0.613
700,0.422,0.0
701,0.519,0.593
702,0.458,0.544
703,0.456,0.548
704,0.327,0.437
705,0.514,0.0
706,0.547,0.0
707,0.459,0.0
708,0.504,0.498
709,0.498,0.0
710,0.548,0.696
711,0.0,0.0
712,0.504,0.0
713,0.562,0.0
714,0.517,0.0
715,0.0,0.0
716,0.0,0.0
717,0.587,0.0
718,0.0,0.0
719,0.544,0.669
720,0.536,0.489
721,0.489,0.0
722,0.0,0.464
723,0.496,0.0
724,0.483,0.0
725,0.315,0.407
726,0.0,0.0
727,0.433,0.0
728,0.562,0.357
729,0.43,0.0
730,0.574,0.0
731,0.552,0.706
732,0.437,0.426
733,0.437,0.0
734,0.613,0.0
735,0.423,0.0
736,0.566,0.304
737,0.522,0.519
738,0.5,0.0
739,0.641,0.532
740,0.421,0.595
741,0.0,0.0
742,0.419,0.0
743,0.408,0.0
744,0.348,0.0
745,0.538,1.0
746,0.31,0.0
747,0.498,0.407
748,0.394,0.0
749,0.521,0.0
750,0.432,0.512
751,0.0,0.0
752,0.722,0.0
753,0.537,0.435
754,0.516,0.0
755,0.483,0.492
756,0.446,0.498
757,0.54,0.0
758,0.611,0.0
759,0.609,0.619
760,0.342,0.0
761,0.431,0.437
762,0.482,0.556
763,0.423,0.0
764,0.512,0.403
765,0.482,0.0
766,0.487,0.0
767,0.411,0.0
768,0.429,0.511
769,0.535,0.0
770,0.0,0.0
771,0.0,0.544
772,0.548,0.0
773,0.522,0.0
774,0.511,0.0
775,0.491,0.0
776,0.587,0.0
777,0.489,0.0
778,0.627,0.0
779,0.432,0.0
780,0.537,0.0
781,0.522,0.0
782,0.0,0.0
783,0.561,0.0
784,0.635,0.0
785,0.49,0.0
786,0.399,0.431
787,0.616,0.0
788,0.632,0.439
789,0.518,0.54
790,0.466,1.0
791,0.635,0.0
792,0.568,0.0
793,0.45,0.56
794,0.433,0.0
795,0.616,0.841
796,0.694,0.0
797,0.535,0.0
798,0.53,0.0
799,0.621,0.0
800,0.565,0.52
801,0.0,0.489
802,0.49,0.696
803,0.472,0.493
804,0.629,0.307
805,0.47,0.613
806,0.459,0.0
807,0.58,0.528
808,0.638,0.0
809,0.544,0.0
810,0.572,0.0
811,0.562,0.0
812,0.74,0.473
813,0.519,0.0
814,0.566,0.517
815,0.43,0.574
816,0.624,0.338
817,0.437,0.0
818,0.562,0.639
819,0.475,0.526
820,0.317,0.0
821,0.558,0.0
822,0.306,0.0
823,0.448,0.0
824,0.625,0.0
825,0.49,0.0
826,0.489,0.0
827,0.661,0.397
828,0.43,0.389
829,0.504,0.524
830,0.424,0.675
831,0.514,0.437
832,0.0,0.437
833,0.553,0.557
834,0.351,0.578
835,0.511,0.508
836,0.0,0.0
837,0.539,0.0
838,0.603,0.0
839,0.608,0.679
840,0.542,0.432
841,0.519,0.53
842,0.468,0.0
843,0.54,0.548
844,0.0,0.0
845,0.517,0.0
846,0.562,0.0
847,0.5,0.489
848,0.483,0.54
849,0.352,0.0
850,0.487,0.637
851,0.53,0.444
852,0.521,0.0
853,0.506,0.778
854,0.592,0.0
855,0.473,0.444
856,0.467,0.626
857,0.553,0.562
858,0.61,0.625
859,0.59,0.0
860,0.519,0.0
861,0.561,0.0
862,0.657,0.0
863,0.595,0.862
864,0.465,0.0
865,0.535,0.0
866,0.574,0.0
867,0.535,0.489
868,0.601,0.0
869,0.566,0.0
870,0.555,0.595
871,0.385,0.768
872,0.461,0.0
873,0.543,0.0
874,0.69,0.415
875,0.434,0.46
876,0.444,0.0
877,0.419,1.0
878,0.511,0.0
879,0.578,0.0
880,0.477,0.614
881,0.0,0.537
882,0.524,0.0
883,0.535,0.0
884,0.544,0.437
885,0.0,0.522
886,0.0,0.0
887,0.522,0.0
888,0.562,0.0
889,0.454,0.751
890,0.451,0.0
891,0.57,0.0
892,0.443,0.562
893,0.494,0.762
894,0.422,0.0
895,0.542,0.544
896,0.459,0.726
897,0.508,0.505
898,0.522,0.614
899,0.437,0.0
900,0.556,0.0
901,0.643,0.0
902,0.481,0.0
903,0.415,0.0
904,0.607,0.0
905,0.553,0.0
906,0.428,0.0
907,0.431,0.544
908,0.482,0.0
909,0.591,0.0
910,0.509,0.0
911,0.439,0.5
912,0.489,0.0
913,0.0,0.0
914,0.523,0.0
915,0.0,0.0
916,0.577,0.496
917,0.617,0.0
918,0.428,0.0
919,0.437,0.0
920,0.526,0.821
921,0.575,0.0
922,0.301,0.0
923,0.442,0.426
924,0.606,0.0
925,0.549,0.728
926,0.0,0.575
927,0.0,0.0
928,0.556,0.487
929,0.596,0.0
930,0.539,0.572
931,0.492,0.0
932,0.395,0.0
933,0.565,0.437
934,0.484,0.0
935,0.375,0.0
936,0.525,0.577
937,0.472,0.0
938,0.415,0.391
939,0.603,0.0
940,0.626,0.407
941,0.52,0.0
942,0.547,0.742
943,0.381,0.514
944,0.589,0.0
945,0.703,0.0
946,0.519,0.0
947,0.532,0.0
948,0.55,0.0
949,0.588,0.589
950,0.514,0.0
951,0.514,0.765
952,0.684,0.649
953,0.613,0.569
954,0.526,0.0
955,0.632,0.0
956,0.519,0.53
957,0.501,0.529
958,0.556,0.752
959,0.504,0.517
960,0.638,0.407
961,0.579,0.0
962,0.641,0.577
963,0.503,0.53
964,0.362,0.561
965,0.54,0.496
966,0.637,0.822
967,0.513,0.0
968,0.494,0.718
969,0.508,0.0
970,0.572,0.0
971,0.562,0.0
972,0.553,0.0
973,0.596,0.0
974,0.56,0.489
975,0.0,0.0
976,0.619,0.0
977,0.617,0.48
978,0.567,0.519
979,0.54,0.542
980,0.0,0.0
981,0.45,0.0
982,0.0,0.574
983,0.539,0.956
984,0.458,0.0
985,0.448,0.0
986,0.357,0.0
987,0.579,0.762
988,0.539,0.431
989,0.509,0.482
990,0.424,0.0
991,0.0,0.54
992,0.536,0.595
993,0.0,0.437
994,0.533,0.0
995,0.413,0.0
996,0.538,0.0
997,0.786,0.0
998,0.578,0.0
999,0.563,0.0
1000,0.405,0.561
1001,0.44,0.0
1002,0.534,0.0
1003,0.474,0.403
1004,0.627,0.0
1005,0.499,0.613
1006,0.556,0.0
1007,0.448,0.905
1008,0.405,0.0
1009,0.0,0.0
1010,0.527,0.0
1011,0.0,0.0
1012,0.0,0.0
1013,0.471,0.0
1014,0.638,0.581
1015,0.495,0.0
1016,0.419,0.0
1017,0.0,0.719
1018,0.356,0.682
1019,0.496,0.439
1020,0.463,0.561
1021,0.587,0.0
1022,0.0,0.41
1023,0.0,0.0
1024,0.325,0.0
1025,0.407,0.0
1026,0.407,0.506
1027,0.739,0.75
1028,0.448,0.723
1029,0.591,0.489
1030,0.556,0.0
1031,0.704,0.0
1032,0.0,0.0
1033,0.542,0.0
1034,0.589,0.0
1035,0.599,0.307
1036,0.0,0.0
1037,0.55,0.0
1038,0.389,0.403
1039,0.507,0.0
1040,0.543,0.0
1041,0.631,0.556
1042,0.414,0.0
1043,0.524,0.561
1044,0.542,0.613
1045,0.516,0.329
1046,0.0,0.0
1047,0.0,0.0
1048,0.551,0.0
1049,0.576,0.0
1050,0.421,0.0
1051,0.606,0.362
1052,0.585,0.0
1053,0.528,0.0
1054,0.484,0.0
1055,0.644,0.0
1056,0.0,0.611
1057,0.424,0.0
1058,0.0,0.0
1059,0.54,0.0
1060,0.629,0.0
1061,0.544,0.613
1062,0.0,0.0
1063,0.566,0.625
1064,0.5,0.0
1065,0.579,0.0
1066,0.46,0.0
1067,0.468,0.441
1068,0.435,0.0
1069,0.446,0.936
1070,0.431,0.0
1071,0.48,0.913
1072,0.511,0.611
1073,0.506,0.752
1074,0.527,0.52
1075,0.491,0.473
1076,0.665,0.426
1077,0.6,0.652
1078,0.585,0.708
1079,0.583,0.0
1080,0.325,0.0
1081,0.437,0.307
1082,0.519,0.0
1083,0.622,0.0
1084,0.517,0.0
1085,0.522,0.0
1086,0.0,0.0
1087,0.0,0.0
1088,0.615,0.0
1089,0.605,0.0
1090,0.553,0.0
1091,0.645,0.0
1092,0.539,0.444
1093,0.676,0.307
1094,0.531,0.544
1095,0.54,0.0
1096,0.456,0.0
1097,0.0,0.0
1098,0.556,0.0
1099,0.565,0.0
1100,0.578,0.778
1101,0.418,0.548
1102,0.494,0.0
1103,0.459,0.0
1104,0.459,0.437
1105,0.509,0.0
1106,0.541,0.529
1107,0.663,0.0
1108,0.0,0.0
1109,0.442,0.492
1110,0.48,0.0
1111,0.554,0.0
1112,0.636,0.0
1113,0.461,0.0
1114,0.524,0.0
1115,0.433,0.54
1116,0.401,0.0
1117,0.639,0.0
1118,0.472,0.429
1119,0.572,0.627
1120,0.556,0.0
1121,0.322,0.0
1122,0.585,0.764
1123,0.572,0.0
1124,0.464,0.0
1125,0.0,0.0
1126,0.529,0.54
1127,0.554,0.0
1128,0.586,0.0
1129,0.448,0.0
1130,0.382,0.428
1131,0.414,0.0
1132,0.554,0.778
1133,0.611,0.0
1134,0.0,0.0
1135,0.543,0.0
1136,0.524,0.0
1137,0.301,0.0
1138,0.673,0.539
1139,0.0,0.889
1140,0.565,0.905
1141,0.511,0.556
1142,0.597,0.0
1143,0.593,0.0
1144,0.631,0.0
1145,0.536,0.0
1146,0.429,0.0
1147,0.493,0.534
1148,0.0,0.0
1149,0.567,0.0
1150,0.632,0.0
1151,0.417,0.0
1152,0.444,0.0
1153,0.0,0.0
1154,0.319,0.595
1155,0.565,0.0
1156,0.5,0.0
1157,0.437,0.471
1158,0.602,0.561
1159,0.491,0.0
1160,0.539,0.0
1161,0.56,0.517
1162,0.492,0.425
1163,0.471,0.425
1164,0.442,0.0
1165,0.55,0.0
1166,0.298,0.0
1167,0.444,0.595
1168,0.474,0.0
1169,0.492,0.0
1170,0.489,0.0
1171,0.431,0.489
1172,0.342,0.0
1173,0.562,0.0
1174,0.546,0.0
1175,0.537,0.439
1176,0.46,0.728
1177,0.299,0.0
1178,0.548,0.0
1179,0.0,0.0
1180,0.624,0.0
1181,0.442,0.0
1182,0.489,0.544
1183,0.628,0.0
1184,0.526,0.709
1185,0.512,0.516
1186,0.511,0.0
1187,0.48,0.0
1188,0.0,0.0
1189,0.48,0.0
1190,0.0,0.0
1191,0.498,0.561
1192,0.583,0.0
1193,0.517,0.0
1194,0.519,0.0
1195,0.299,0.0
1196,0.512,0.0
1197,0.45,0.0
1198,0.344,0.0
1199,0.556,0.0
1200,0.529,0.515
1201,0.429,0.0
1202,0.553,0.0
1203,0.0,0.716
1204,0.542,0.431
1205,0.0,0.0
1206,0.562,0.615
1207,0.443,0.0
1208,0.352,0.647
1209,0.603,0.561
1210,0.543,0.437
1211,0.0,0.0
1212,0.0,0.0
1213,0.437,0.0
1214,0.487,0.0
1215,0.5,0.0
1216,0.409,0.0
1217,0.746,0.0
1218,0.0,0.0
1219,0.0,0.0
1220,0.608,0.0
1221,0.611,0.0
1222,0.556,0.0
1223,0.7,0.613
1224,0.389,0.912
1225,0.617,0.0
1226,0.421,0.0
1227,0.533,0.0
1228,0.336,0.613
1229,0.0,0.391
1230,0.0,0.0
1231,0.0,0.0
1232,0.551,0.0
1233,0.333,0.0
1234,0.536,0.0
1235,0.512,0.0
1236,0.54,0.0
1237,0.493,0.0
1238,0.489,0.0
1239,0.531,0.548
1240,0.611,0.0
1241,0.529,0.625
1242,0.676,0.0
1243,0.528,0.0
1244,0.587,0.0
1245,0.585,0.0
1246,0.505,0.768
1247,0.562,0.561
1248,0.481,0.0
1249,0.522,0.357
1250,0.389,0.437
1251,0.613,0.0
1252,0.637,0.0
1253,0.483,0.595
1254,0.456,0.417
1255,0.565,1.0
1256,0.0,0.0
1257,0.289,0.544
1258,0.352,0.0
1259,0.435,0.766
1260,0.584,0.0
1261,0.506,0.0
1262,0.426,0.0
1263,0.0,0.0
1264,0.558,0.0
1265,0.0,0.67
1266,0.0,0.517
1267,0.452,0.0
1268,0.0,0.0
1269,0.444,0.0
1270,0.421,0.0
1271,0.0,0.889
1272,0.522,0.0
1273,0.414,0.556
1274,0.413,0.473
1275,0.444,0.0
1276,0.504,0.0
1277,0.325,0.0
1278,0.597,0.473
1279,0.567,0.0
1280,0.466,0.0
1281,0.432,0.0
1282,0.724,0.0
1283,0.562,0.0
1284,0.517,0.0
1285,0.351,0.362
1286,0.589,0.624
1287,0.389,0.0
1288,0.509,0.78
1289,0.503,0.0
1290,0.588,0.0
1291,0.567,0.482
1292,0.57,0.601
1293,0.531,0.0
1294,0.419,0.544
1295,0.522,0.0
1296,0.492,0.0
1297,0.41,0.0
1298,0.498,0.505
1299,0.406,0.0
1300,0.0,0.0
1301,0.587,0.0
1302,0.529,0.0
1303,0.439,0.429
1304,0.583,0.0
1305,0.577,0.0
1306,0.0,0.0
1307,0.322,0.0
1308,0.576,0.0
1309,0.533,0.0
1310,0.476,0.0
1311,0.422,0.548
1312,0.49,0.492
1313,0.421,0.0
1314,0.527,0.0
1315,0.525,0.489
1316,0.62,0.0
1317,0.559,0.415
1318,0.635,0.0
1319,0.433,0.0
1320,0.399,0.0
1321,0.733,0.0
1322,0.0,0.0
1323,0.431,0.0
1324,0.437,0.0
1325,0.516,0.0
1326,0.0,0.0
1327,0.414,0.0
1328,0.44,0.0
1329,0.547,0.0
1330,0.47,0.0
1331,0.657,0.428
1332,0.0,0.0
1333,0.0,0.0
1334,0.419,0.0
1335,0.621,0.556
1336,0.481,0.0
1337,0.557,0.0
1338,0.404,0.0
1339,0.487,0.0
1340,0.613,0.0
1341,0.681,0.0
1342,0.448,1.0
1343,0.0,0.303
1344,0.0,0.0
1345,0.628,0.0
1346,0.0,0.0
1347,0.486,0.0
1348,0.547,0.0
1349,0.401,0.492
1350,0.619,0.0
1351,0.522,0.561
1352,0.526,0.0
1353,0.544,0.0
1354,0.529,0.0
1355,0.428,0.48
1356,0.489,0.544
1357,0.515,0.0
1358,0.508,0.561
1359,0.485,0.0
1360,0.423,0.437
1361,0.511,0.0
1362,0.455,0.0
1363,0.531,0.0
1364,0.46,0.0
1365,0.0,0.693
1366,0.632,0.778
1367,0.562,1.0
1368,0.568,0.0
1369,0.0,0.0
1370,0.342,0.0
1371,0.567,0.403
1372,0.671,0.0
1373,0.49,0.714
1374,0.527,0.0
1375,0.557,0.0
1376,0.503,0.423
1377,0.526,0.0
1378,0.375,0.0
1379,0.441,0.0
1380,0.438,0.0
1381,0.423,0.0
1382,0.501,0.0
1383,0.528,0.0
1384,0.484,0.0
1385,0.624,0.437
1386,0.513,0.0
1387,0.0,0.583
1388,0.0,0.0
1389,0.455,0.548
1390,0.0,0.432
1391,0.575,0.0
1392,0.421,0.0
1393,0.53,0.0
1394,0.0,0.413
1395,0.641,0.0
1396,0.496,0.0
1397,0.569,0.0
1398,0.422,0.912
1399,0.456,0.0
1400,0.0,0.0
1401,0.679,0.496
1402,0.567,0.0
1403,0.663,0.0
1404,0.674,0.54
1405,0.448,0.595
1406,0.535,0.0
1407,0.664,0.0
1408,0.489,0.889
1409,0.541,0.595
1410,0.607,0.0
1411,0.437,1.0
1412,0.663,0.595
1413,0.502,0.0
1414,0.579,0.542
1415,0.0,0.0
1416,0.289,0.0
1417,0.408,0.0
1418,0.504,0.595
1419,0.585,0.627
1420,0.644,0.0
1421,0.519,0.0
1422,0.417,0.0
1423,0.516,0.0
1424,0.806,0.0
1425,0.552,1.0
1426,0.0,0.952
1427,0.579,0.516
1428,0.513,0.857
1429,0.472,0.0
1430,0.53,0.716
1431,0.0,0.0
1432,0.552,0.0
1433,0.531,0.0
1434,0.444,0.849
1435,0.529,0.0
1436,0.616,0.0
1437,0.531,0.492
1438,0.55,0.553
1439,0.519,0.626
1440,0.521,0.539
1441,0.497,0.0
1442,0.554,0.561
1443,0.583,0.0
1444,0.501,0.0
1445,0.622,0.917
1446,0.519,0.0
1447,0.519,0.0
1448,0.523,0.437
1449,0.0,0.0
1450,0.0,0.0
1451,0.489,0.0
1452,0.608,0.0
1453,0.472,0.0
1454,0.489,0.0
1455,0.464,0.489
1456,0.584,0.0
1457,0.637,0.561
1458,0.5,0.0
1459,0.617,0.0
1460,0.531,0.0
1461,0.655,0.0
1462,0.574,0.0
1463,0.41,0.437
1464,0.519,0.498
1465,0.593,0.0
1466,0.65,0.0
1467,0.556,0.0
1468,0.608,0.476
1469,0.0,0.0
1470,0.615,0.0
1471,0.436,0.0
1472,0.411,0.0
1473,0.455,0.0
1474,0.567,0.556
1475,0.414,0.0
1476,0.481,0.0
1477,0.439,0.0
1478,0.361,0.556
1479,0.532,0.467
1480,0.0,0.0
1481,0.541,0.0
1482,0.522,0.0
1483,0.507,0.0
1484,0.73,0.0
1485,0.464,0.0
1486,0.414,0.0
1487,0.0,0.0
1488,0.529,0.0
1489,0.417,0.551
1490,0.539,0.0
1491,0.687,0.0
1492,0.544,0.0
1493,0.0,1.0
1494,0.426,0.0
1495,0.61,0.0
1496,0.569,0.0
1497,0.618,0.54
1498,0.55,0.0
1499,0.462,0.0
1500,0.567,0.0
1501,0.512,0.595
1502,0.543,0.329
1503,0.62,0.561
1504,0.501,0.0
1505,0.389,0.0
1506,0.0,0.0
1507,0.419,0.0
1508,0.606,0.575
1509,0.532,0.544
1510,0.504,0.0
1511,0.0,0.458
1512,0.413,0.0
1513,0.429,0.44
1514,0.407,0.562
1515,0.433,0.0
1516,0.377,0.0
1517,0.48,0.424
1518,0.465,0.0
1519,0.55,0.0
1520,0.715,0.544
1521,0.467,0.0
1522,0.472,0.0
1523,0.431,0.338
1524,0.5,0.629
1525,0.473,0.0
1526,0.524,0.0
1527,0.537,0.0
1528,0.544,0.535
1529,0.367,0.0
1530,0.425,0.0
1531,0.627,0.0
1532,0.0,0.556
1533,0.597,0.0
1534,0.458,0.0
1535,0.674,0.0
1536,0.47,0.0
1537,0.639,0.0
1538,0.71,0.0
1539,0.541,0.0
1540,0.672,0.0
1541,0.319,0.0
1542,0.568,0.822
1543,0.0,0.498
1544,0.535,0.0
1545,0.502,0.0
1546,0.452,0.0
1547,0.519,0.0
1548,0.0,0.0
1549,0.444,0.405
1550,0.599,0.0
1551,0.504,0.0
1552,0.428,0.0
1553,0.495,0.413
1554,0.474,0.0
1555,0.436,0.508
1556,0.514,0.0
1557,0.422,0.0
1558,0.674,0.0
1559,0.462,0.0
1560,0.522,0.0
1561,0.531,0.595
1562,0.0,0.0
1563,0.729,0.0
1564,0.527,0.457
1565,0.495,0.0
1566,0.572,0.0
1567,0.441,0.0
1568,0.437,0.444
1569,0.0,0.0
1570,0.452,0.0
1571,0.586,0.0
1572,0.488,0.0
1573,0.41,0.0
1574,0.478,0.0
1575,0.437,0.0
1576,0.422,0.0
1577,0.67,0.0
1578,0.673,0.0
1579,0.0,0.0
1580,0.527,0.0
1581,0.557,0.0
1582,0.565,0.0
1583,0.583,0.0
1584,0.298,0.0
1585,0.0,0.415
1586,0.589,0.54
1587,0.653,0.0
1588,0.529,0.544
1589,0.398,0.53
1590,0.503,0.544
1591,0.651,0.0
1592,0.571,0.581
1593,0.396,0.54
1594,0.589,0.0
1595,0.556,0.0
1596,0.49,0.0
1597,0.574,0.0
1598,0.489,0.0
1599,0.546,0.0
1600,0.435,0.643
1601,0.436,0.562
1602,0.0,0.0
1603,0.562,0.0
1604,0.57,0.473
1605,0.539,0.0
1606,0.0,0.495
1607,0.543,0.0
1608,0.508,0.544
1609,0.336,0.0
1610,0.699,0.0
1611,0.528,0.0
1612,0.583,0.0
1613,0.0,0.0
1614,0.0,0.0
1615,0.0,0.0
1616,0.528,0.0
1617,0.48,0.0
1618,0.509,0.0
1619,0.599,0.0
1620,0.43,0.0
1621,0.466,0.0
1622,0.475,0.0
1623,0.68,0.0
1624,0.682,0.0
1625,0.409,0.0
1626,0.48,0.0
1627,0.431,0.578
1628,0.415,0.0
1629,0.468,0.0
1630,0.562,0.415
1631,0.552,0.0
1632,0.528,0.496
1633,0.481,0.498
1634,0.552,0.0
1635,0.48,0.0
1636,0.528,0.0
1637,0.656,0.0
1638,0.525,0.424
1639,0.463,0.0
1640,0.415,0.431
1641,0.491,0.0
1642,0.593,0.437
1643,0.576,0.413
1644,0.488,0.0
1645,0.582,0.0
1646,0.0,0.0
1647,0.415,0.0
1648,0.0,0.0
1649,0.456,0.561
1650,0.344,0.454
1651,0.715,0.0
1652,0.537,0.0
1653,0.456,0.0
1654,0.473,0.405
1655,0.584,0.0
1656,0.66,0.0
1657,0.591,0.324
1658,0.59,0.0
1659,0.46,0.0
1660,0.486,0.403
1661,0.476,0.0
1662,0.345,0.693
1663,0.542,0.0
1664,0.557,0.0
1665,0.438,0.0
1666,0.448,1.0
1667,0.611,0.0
1668,0.478,0.0
1669,0.739,0.932
1670,0.583,0.0
1671,0.804,0.613
1672,0.511,0.0
1673,0.627,0.54
1674,0.524,0.0
1675,0.381,0.0
1676,0.49,0.0
1677,0.617,0.0
1678,0.556,0.0
1679,0.51,0.0
1680,0.529,0.0
1681,0.505,0.0
1682,0.496,0.0
1683,0.506,0.437
1684,0.0,0.0
1685,0.42,0.529
1686,0.562,0.0
1687,0.361,0.0
1688,0.479,0.0
1689,0.0,0.472
1690,0.344,0.561
1691,0.348,0.0
1692,0.0,0.0
1693,0.556,0.0
1694,0.339,0.0
1695,0.439,0.0
1696,0.442,0.595
1697,0.0,0.746
1698,0.317,0.437
1699,0.679,0.0
1700,0.31,0.415
1701,0.0,0.0
1702,0.589,0.0
1703,0.648,0.0
1704,0.517,0.0
1705,0.456,0.0
1706,0.491,0.601
1707,0.614,0.0
1708,0.558,0.561
1709,0.508,0.0
1710,0.597,0.505
1711,0.607,0.0
1712,0.515,0.0
1713,0.574,0.0
1714,0.472,0.0
1715,0.642,0.0
1716,0.569,0.0
1717,0.494,0.426
1718,0.494,0.415
1719,0.437,0.0
1720,0.436,0.375
1721,0.458,0.363
1722,0.329,0.0
1723,0.496,0.0
1724,0.451,0.0
1725,0.522,0.0
1726,0.464,0.0
1727,0.0,0.0
1728,0.0,0.0
1729,0.531,0.0
1730,0.547,0.0
1731,0.472,0.417
1732,0.0,0.0
1733,0.463,0.5
1734,0.588,0.0
1735,0.481,0.0
1736,0.49,0.0
1737,0.0,0.0
1738,0.0,0.48
1739,0.518,0.0
1740,0.564,0.0
1741,0.426,0.0
1742,0.56,0.0
1743,0.0,0.0
1744,0.493,0.595
1745,0.0,0.54
1746,0.421,0.552
1747,0.447,0.0
1748,0.0,0.413
1749,0.464,0.0
1750,0.496,0.0
1751,0.398,0.0
1752,0.5,0.0
1753,0.503,0.0
1754,0.508,0.0
1755,0.294,0.0
1756,0.547,0.542
1757,0.633,0.0
1758,0.531,0.0
1759,0.439,0.0
1760,0.509,0.535
1761,0.526,0.0
1762,0.6,0.0
1763,0.596,0.0
1764,0.467,0.0
1765,0.549,0.0
1766,0.505,0.0
1767,0.0,0.562
1768,0.0,0.0
1769,0.0,0.437
1770,0.406,0.561
1771,0.373,0.0
1772,0.468,0.507
1773,0.468,0.0
1774,0.0,0.505
1775,0.483,0.0
1776,0.0,0.553
1777,0.478,0.54
1778,0.404,0.667
1779,0.742,0.561
1780,0.0,0.529
1781,1.0,0.561
1782,0.5,0.48
1783,0.0,0.0
1784,0.408,0.0
1785,0.0,0.0
1786,0.553,0.0
1787,0.525,0.0
1788,0.461,0.0
1789,0.448,0.0
1790,0.542,0.471
1791,0.437,0.0
1792,0.585,0.0
1793,0.411,0.0
1794,0.432,0.0
1795,0.481,0.737
1796,0.575,0.0
1797,0.597,0.0
1798,0.731,0.0
1799,0.301,0.0
1800,0.808,0.561
1801,0.633,0.0
1802,0.479,0.0
1803,0.0,0.0
1804,0.61,0.0
1805,0.437,0.0
1806,0.0,0.0
1807,0.444,0.525
1808,0.487,0.0
1809,0.601,0.489
1810,0.306,0.0
1811,0.467,0.0
1812,0.426,0.0
1813,0.444,0.0
1814,0.584,0.0
1815,0.615,0.413
1816,0.0,0.0
1817,0.524,0.0
1818,0.558,0.0
1819,0.464,0.0
1820,0.61,0.0
1821,0.288,0.0
1822,0.618,0.0
1823,0.0,0.0
1824,0.493,0.0
1825,0.556,0.0
1826,0.481,0.0
1827,0.0,0.833
1828,0.664,0.0
1829,0.596,0.0
1830,0.468,0.0
1831,0.403,0.0
1832,0.493,0.0
1833,0.517,0.0
1834,0.418,0.567
1835,0.558,0.0
1836,0.528,0.0
1837,0.496,0.622
1838,0.508,0.0
1839,0.0,0.544
1840,0.455,0.655
1841,0.524,0.0
1842,0.55,0.0
1843,0.543,0.552
1844,0.578,0.0
1845,0.522,0.0
1846,0.483,0.0
1847,0.559,0.0
1848,0.506,0.0
1849,0.476,0.0
1850,0.422,0.821
1851,0.483,0.0
1852,0.644,0.0
1853,0.564,1.0
1854,0.417,0.0
1855,0.587,0.0
1856,0.606,0.636
1857,0.0,0.0
1858,0.0,0.436
1859,0.384,0.406
1860,0.617,0.456
1861,0.527,0.0
1862,0.298,0.496
1863,0.547,0.0
1864,0.535,0.421
1865,0.606,0.0
1866,0.464,0.0
1867,0.356,0.0
1868,0.451,0.44
1869,0.448,0.0
1870,0.529,0.595
1871,0.472,0.0
1872,0.4,0.0
1873,0.424,0.497
1874,0.448,0.0
1875,0.486,0.0
1876,0.56,1.0
1877,0.464,0.0
1878,0.424,0.0
1879,0.627,0.0
1880,0.456,0.0
1881,0.42,0.889
1882,0.658,0.494
1883,0.499,0.0
1884,0.489,0.0
1885,0.438,0.0
1886,0.0,0.553
1887,0.411,0.0
1888,0.639,0.0
1889,0.491,0.432
1890,0.498,0.0
1891,0.499,0.0
1892,0.44,0.0
1893,0.0,0.0
1894,0.491,0.0
1895,0.381,0.0
1896,0.524,0.0
1897,0.311,0.0
1898,0.54,0.0
1899,0.0,0.0
1900,0.428,0.0
1901,0.471,0.0
1902,0.567,0.0
1903,0.524,0.437
1904,0.547,0.0
1905,0.569,0.432
1906,0.523,0.0
1907,0.495,0.0
1908,0.524,0.0
1909,0.0,0.0
1910,0.524,0.561
1911,0.407,0.0
1912,0.329,0.595
1913,0.424,0.0
1914,0.0,0.0
1915,0.0,0.0
1916,0.0,0.0
1917,0.0,0.0
1918,0.0,0.357
1919,0.0,0.0
1920,0.574,0.0
1921,0.0,0.0
1922,0.489,0.788
1923,0.529,0.0
1924,0.0,0.543
1925,0.653,0.437
1926,0.529,0.0
1927,0.493,0.0
1928,0.517,0.0
1929,0.433,0.54
1930,0.484,0.0
1931,0.402,0.529
1932,0.533,0.0
1933,0.297,0.0
1934,0.356,0.54
1935,0.608,0.403
1936,0.463,0.0
1937,0.0,0.0
1938,0.617,0.0
1939,0.405,0.0
1940,0.0,0.0
1941,0.0,0.0
1942,0.658,0.54
1943,0.47,0.306
1944,0.0,0.0
1945,0.332,0.0
1946,0.571,0.557
1947,0.421,0.0
1948,0.587,0.0
1949,0.626,0.0
1950,0.0,0.0
1951,0.348,0.0
1952,0.436,0.0
1953,0.407,0.0
1954,0.534,0.0
1955,0.396,0.0
1956,0.394,0.0
1957,0.511,0.595
1958,0.399,0.595
1959,0.394,0.561
1960,0.411,0.624
1961,0.432,0.0
1962,0.0,0.0
1963,0.551,0.0
1964,0.622,0.0
1965,0.512,0.403
1966,0.558,0.0
1967,0.0,0.0
1968,0.333,0.0
1969,0.0,0.0
1970,0.575,0.516
1971,0.583,0.424
1972,0.0,0.0
1973,0.428,0.0
1974,0.498,0.0
1975,0.444,0.0
1976,0.597,0.0
1977,0.419,0.0
1978,0.0,0.451
1979,0.434,0.556
1980,0.0,0.0
1981,0.0,0.304
1982,0.0,0.587
1983,0.528,0.0
1984,0.587,0.0
1985,0.489,0.503
1986,0.0,0.949
1987,0.454,0.431
1988,0.539,0.788
1989,0.424,0.544
1990,0.529,0.0
1991,0.556,0.0
1992,0.424,0.821
1993,0.0,0.0
1994,0.606,0.0
1995,0.0,0.0
1996,0.0,1.0
1997,0.0,0.0
1998,0.487,0.465
1999,0.509,0.0
2000,0.489,0.0
2001,0.528,0.0
2002,0.667,1.0
2003,0.535,0.0
2004,0.517,0.0
2005,0.578,0.833
2006,0.0,0.575
2007,0.583,0.489
2008,0.0,0.482
2009,0.41,0.0
2010,0.751,0.0
2011,0.0,0.529
2012,0.667,0.0
2013,0.399,0.0
2014,0.487,0.601
2015,0.408,0.0
2016,0.524,0.0
2017,0.458,0.0
2018,0.583,0.0
2019,0.614,0.378
2020,0.568,0.378
2021,0.611,0.0
2022,0.519,0.0
2023,0.421,0.0
2024,0.524,0.357
2025,0.412,0.0
2026,0.401,0.0
2027,0.55,0.0
2028,0.454,0.0
2029,0.501,0.0
2030,0.356,0.0
2031,0.0,0.0
2032,0.0,0.0
2033,0.0,0.0
2034,0.567,0.432
2035,0.505,0.0
2036,0.612,0.0
2037,0.472,0.0
2038,0.0,0.0
2039,0.57,0.0
2040,0.429,0.437
2041,0.577,0.0
2042,0.519,0.544
2043,0.528,0.553
2044,0.478,0.0
2045,0.544,0.0
2046,0.448,0.0
2047,0.597,0.0
2048,0.529,0.561
2049,0.377,0.0
2050,0.478,0.0
2051,0.406,0.0
2052,0.648,0.0
2053,0.534,0.0
2054,0.474,0.0
2055,0.558,0.415
2056,0.501,0.0
2057,0.494,0.0
2058,0.487,0.489
2059,0.397,0.0
2060,0.5,0.905
2061,0.556,0.905
2062,0.521,0.0
2063,0.653,0.0
2064,0.539,0.0
2065,0.548,0.548
2066,0.626,0.437
2067,0.417,0.0
2068,0.57,0.643
2069,0.466,0.608
2070,0.456,0.0
2071,0.426,0.0
2072,0.477,0.0
2073,0.421,0.306
2074,0.0,0.0
2075,0.373,0.0
2076,0.547,0.0
2077,0.465,0.0
2078,0.541,0.0
2079,0.0,0.0
2080,0.609,1.0
2081,0.569,0.0
2082,0.561,0.403
2083,0.464,0.0
2084,0.489,0.0
2085,0.617,0.0
2086,0.415,0.415
2087,0.524,0.419
2088,0.588,0.0
2089,0.525,0.71
2090,0.517,0.543
2091,0.579,0.0
2092,0.495,0.575
2093,0.585,0.0
2094,0.543,0.0
2095,0.597,0.0
2096,0.463,0.0
2097,0.465,0.833
2098,0.476,0.0
2099,0.539,0.0
2100,0.587,0.595
2101,0.375,0.0
2102,0.356,0.0
2103,0.488,0.561
2104,0.583,0.0
2105,0.404,0.0
2106,0.0,0.0
2107,0.613,0.437
2108,0.501,0.561
2109,0.0,0.643
2110,0.439,0.0
2111,0.0,0.0
2112,0.458,0.0
2113,0.374,0.0
2114,0.493,0.512
2115,0.506,0.0
2116,0.403,0.0
2117,0.609,0.0
2118,0.642,0.442
2119,0.322,0.0
2120,0.565,0.0
2121,0.0,0.432
2122,0.529,0.431
2123,0.514,0.801
2124,0.543,0.0
2125,0.397,0.956
2126,0.491,0.0
2127,0.508,0.0
2128,0.511,0.513
2129,0.433,0.0
2130,0.558,0.437
2131,0.329,0.357
2132,0.432,0.0
2133,0.0,0.0
2134,0.533,0.357
2135,0.567,0.0
2136,0.0,0.0
2137,0.471,0.0
2138,0.451,0.631
2139,0.466,0.0
2140,0.528,0.0
2141,0.571,0.0
2142,0.617,0.595
2143,0.447,0.544
2144,0.44,0.0
2145,0.0,0.595
2146,0.0,0.0
2147,0.603,1.0
2148,0.531,0.0
2149,0.677,0.0
2150,0.484,0.0
2151,0.0,0.437
2152,0.0,0.0
2153,0.482,0.0
2154,0.0,0.0
2155,0.446,0.0
2156,0.456,0.0
2157,0.422,0.0
2158,0.564,0.0
2159,0.519,0.681
2160,0.524,0.0
2161,0.442,0.413
2162,0.487,0.0
2163,0.548,1.0
2164,0.0,0.435
2165,0.643,0.0
2166,0.525,0.0
2167,0.46,0.0
2168,0.494,0.0
2169,0.306,0.437
2170,0.38,0.0
2171,0.476,0.0
2172,0.471,0.0
2173,0.458,0.0
2174,0.504,1.0
2175,0.0,0.476
2176,0.422,0.0
2177,0.0,0.492
2178,0.626,0.595
2179,0.481,0.523
2180,0.516,0.0
2181,0.0,0.438
2182,0.655,0.529
2183,0.54,0.615
2184,0.489,0.889
2185,0.399,0.595
2186,0.444,0.0
2187,0.506,0.0
2188,0.694,0.0
2189,0.0,0.0
2190,0.667,0.299
2191,0.512,0.0
2192,0.512,0.0
2193,0.484,0.0
2194,0.644,0.492
2195,0.0,0.0
2196,0.551,1.0
2197,0.466,0.595
2198,0.0,0.473
2199,0.549,0.0
2200,0.428,0.0
2201,0.543,0.0
2202,0.556,0.0
2203,0.432,0.0
2204,0.574,0.0
2205,0.0,0.0
2206,0.514,0.574
2207,0.492,0.0
2208,0.491,0.0
2209,0.0,0.0
2210,0.48,0.0
2211,0.48,0.466
2212,0.53,0.0
2213,0.46,0.0
2214,0.0,0.306
2215,0.336,0.0
2216,0.0,0.0
2217,0.507,0.0
2218,0.605,0.0
2219,0.478,0.0
2220,0.597,0.0
2221,0.626,0.561
2222,0.741,0.0
2223,0.562,0.543
2224,0.617,0.649
2225,0.43,0.0
2226,0.459,0.0
2227,0.508,0.437
2228,0.476,0.46
2229,0.718,0.0
2230,0.0,0.432
2231,0.421,0.0
2232,0.61,0.0
2233,0.653,0.0
2234,0.552,0.0
2235,0.592,0.0
2236,0.493,0.0
2237,0.544,0.0
2238,0.639,0.0
2239,0.535,0.492
2240,0.589,0.473
2241,0.524,1.0
2242,0.562,0.0
2243,0.494,0.501
2244,0.558,0.405
2245,0.514,0.0
2246,0.0,0.0
2247,0.0,0.0
2248,0.549,0.613
2249,0.476,0.0
2250,0.579,0.0
2251,0.601,0.0
2252,0.514,0.454
2253,0.519,0.0
2254,0.621,0.0
2255,0.407,0.0
2256,0.442,0.0
2257,0.608,0.51
2258,0.46,0.0
2259,0.413,0.0
2260,0.524,0.0
2261,0.442,0.0
2262,0.455,0.0
2263,0.466,0.643
2264,0.524,0.0
2265,0.401,0.0
2266,0.481,0.0
2267,0.542,0.407
2268,0.0,0.411
2269,0.638,0.556
2270,0.486,0.426
2271,0.514,0.0
2272,0.53,0.0
2273,0.452,0.405
2274,0.0,1.0
2275,0.0,0.739
2276,0.452,0.458
2277,0.394,1.0
2278,0.0,0.0
2279,0.495,0.54
2280,0.532,0.492
2281,0.464,0.508
2282,0.0,0.0
2283,0.436,0.0
2284,0.683,0.544
2285,0.576,0.0
2286,0.573,0.0
2287,0.558,0.0
2288,0.578,0.0
2289,0.426,0.519
2290,0.59,0.0
2291,0.589,0.0
2292,0.583,0.526
2293,0.505,0.595
2294,0.374,0.329
2295,0.546,0.0
2296,0.562,0.437
2297,0.48,0.576
2298,0.538,0.613
2299,0.0,0.0
2300,0.636,0.0
2301,0.317,0.456
2302,0.459,0.0
2303,0.521,0.0
2304,0.322,0.0
2305,0.448,0.419
2306,0.558,0.0
2307,0.45,0.0
2308,0.0,0.0
2309,0.606,0.0
2310,0.466,0.46
2311,0.0,0.0
2312,0.556,0.0
2313,0.48,0.561
2314,0.61,0.0
2315,0.579,0.0
2316,0.422,0.0
2317,0.587,0.543
2318,0.458,0.0
2319,0.638,0.0
2320,0.431,0.357
2321,0.405,0.62
2322,0.396,0.54
2323,0.474,0.546
2324,0.472,0.0
2325,0.0,0.0
2326,0.617,0.44
2327,0.458,0.0
2328,0.561,0.442
2329,0.618,0.0
2330,0.443,0.0
2331,0.509,0.0
2332,0.519,0.0
2333,0.63,0.0
2334,0.466,0.0
2335,0.422,0.0
2336,0.48,0.0
2337,0.521,0.0
2338,0.0,0.0
2339,0.329,0.0
2340,0.542,0.0
2341,0.514,0.657
2342,0.433,0.0
2343,0.593,0.556
2344,0.519,0.0
2345,0.599,0.0
2346,0.527,0.0
2347,0.389,0.529
2348,0.0,0.571
2349,0.528,1.0
2350,0.381,0.726
2351,0.472,0.0
2352,0.0,0.0
2353,0.586,0.0
2354,0.5,0.0
2355,0.486,0.0
2356,0.598,0.0
2357,0.608,0.0
2358,0.584,0.0
2359,0.603,0.0
2360,0.313,0.0
2361,0.489,0.0
2362,0.5,0.0
2363,0.0,0.536
2364,0.448,0.0
2365,0.495,0.0
2366,0.532,0.415
2367,0.44,0.561
2368,0.487,0.0
2369,0.538,0.7
2370,0.566,0.0
2371,0.339,0.0
2372,0.529,0.424
2373,0.611,0.869
2374,0.537,0.538
2375,0.38,0.619
2376,0.484,0.432
2377,0.643,0.0
2378,0.426,0.949
2379,0.508,0.0
2380,0.542,0.561
2381,0.669,0.437
2382,0.439,0.415
2383,0.644,0.0
2384,0.0,0.0
2385,0.361,0.415
2386,0.396,0.437
2387,0.494,0.0
2388,0.724,0.556
2389,0.532,0.595
2390,0.499,0.0
2391,0.54,0.449
2392,0.342,0.0
2393,0.451,0.0
2394,0.533,0.0
2395,0.0,0.0
2396,0.524,0.0
2397,0.489,0.654
2398,0.662,0.417
2399,0.389,0.867
2400,0.585,0.514
2401,0.54,0.0
2402,0.522,0.473
2403,0.778,0.911
2404,0.317,0.0
2405,0.439,0.613
2406,0.463,0.528
2407,0.599,0.0
2408,0.433,0.654
2409,0.606,0.0
2410,0.584,0.0
2411,0.56,0.0
2412,0.489,0.0
2413,0.524,0.411
2414,0.506,0.437
2415,0.514,0.0
2416,0.557,0.613
2417,0.529,0.0
2418,0.552,0.0
2419,0.487,0.905
2420,0.517,0.643
2421,0.657,0.0
2422,0.4,0.644
2423,0.655,0.0
2424,0.345,0.539
2425,0.566,0.0
2426,0.567,0.0
2427,0.543,0.432
2428,0.58,0.0
2429,0.478,0.0
2430,0.339,0.0
2431,0.567,0.0
2432,0.455,0.0
2433,0.503,0.0
2434,0.444,0.0
2435,0.492,0.0
2436,0.594,0.0
2437,0.371,0.0
2438,0.497,0.0
2439,0.0,0.491
2440,0.524,0.406
2441,0.0,0.0
2442,0.0,0.585
2443,0.0,0.0
2444,0.537,0.0
2445,0.602,0.525
2446,0.431,0.572
2447,0.482,0.667
2448,0.565,0.667
2449,0.0,0.0
2450,0.47,0.627
2451,0.516,0.544
2452,0.426,0.0
2453,0.506,0.0
2454,0.49,0.625
2455,0.37,0.0
2456,0.447,0.595
2457,0.574,0.0
2458,0.587,0.0
2459,0.474,0.0
2460,0.615,0.0
2461,0.481,0.54
2462,0.614,0.0
2463,0.463,0.0
2464,0.524,0.417
2465,0.612,0.0
2466,0.437,0.0
2467,0.429,0.0
2468,0.687,0.444
2469,0.0,0.744
2470,0.468,0.0
2471,0.515,0.0
2472,0.531,0.69
2473,0.58,0.448
2474,0.581,0.0
2475,0.82,1.0
2476,0.505,0.437
2477,0.527,0.0
2478,0.548,0.889
2479,0.0,0.516
2480,0.396,0.458
2481,0.595,0.0
2482,0.612,0.0
2483,0.573,0.0
2484,0.585,0.548
2485,0.437,0.0
2486,0.0,0.0
2487,0.495,0.0
2488,0.607,0.0
2489,0.48,0.0
2490,0.0,0.0
2491,0.431,0.0
2492,0.593,0.49
2493,0.357,0.0
2494,0.46,0.619
2495,0.444,0.437
2496,0.313,0.413
2497,0.6,0.526
2498,0.573,0.0
2499,0.572,0.0
2500,0.617,0.0
2501,0.491,0.437
2502,0.0,0.0
2503,0.601,0.0
2504,0.415,0.415
2505,0.496,0.524
2506,0.521,0.575
2507,0.436,0.0
2508,0.275,1.0
2509,0.459,0.0
2510,0.0,0.379
2511,0.58,0.0
2512,0.0,0.0
2513,0.0,0.0
2514,0.733,0.0
2515,0.389,0.0
2516,0.609,0.0
2517,0.431,0.0
2518,0.511,0.0
2519,0.51,0.595
2520,0.0,0.496
2521,0.622,0.0
2522,0.0,0.0
2523,0.0,1.0
2524,0.502,0.544
2525,0.563,0.0
2526,0.597,0.0
2527,0.5,0.0
2528,0.523,0.0
2529,0.628,0.0
2530,0.58,0.0
2531,0.471,0.0
2532,0.606,0.0
2533,0.5,0.0
2534,0.0,0.437
2535,0.0,0.0
2536,0.627,0.0
2537,0.491,0.0
2538,0.642,0.0
2539,0.491,0.0
2540,0.562,0.0
2541,0.424,0.0
2542,0.0,0.466
2543,0.508,0.0
2544,0.597,0.0
2545,0.674,0.0
2546,0.422,0.0
2547,0.0,0.0
2548,0.0,0.716
2549,0.0,0.492
2550,0.0,0.705
2551,0.0,0.0
2552,0.0,0.595
2553,0.595,0.544
2554,0.495,0.0
2555,0.456,0.0
2556,0.645,0.0
2557,0.558,0.0
2558,0.0,0.437
2559,0.412,0.0
2560,0.419,0.0
2561,0.459,0.0
2562,0.492,0.0
2563,0.523,0.0
2564,0.361,0.0
2565,0.628,0.0
2566,0.566,0.0
2567,0.583,1.0
2568,0.339,0.0
2569,0.468,0.0
2570,0.653,0.307
2571,0.55,0.0
2572,0.502,0.0
2573,0.544,0.0
2574,0.589,0.0
2575,0.508,0.0
2576,0.46,0.0
2577,0.542,0.0
2578,0.424,0.0
2579,0.597,0.0
2580,0.506,0.0
2581,0.492,0.0
2582,0.51,0.0
2583,0.0,0.0
2584,0.621,0.0
2585,0.632,0.54
2586,0.644,0.595
2587,0.646,0.0
2588,0.598,0.0
2589,0.0,0.0
2590,0.501,0.0
2591,0.0,0.0
2592,0.422,0.0
2593,0.417,0.0
2594,0.366,0.0
2595,0.486,0.0
2596,0.746,0.0
2597,0.448,0.0
2598,0.591,0.0
2599,0.692,0.0
2600,0.411,0.0
2601,0.589,0.0
2602,0.735,0.0
2603,0.648,0.0
2604,0.501,0.0
2605,0.426,0.677
2606,0.472,0.477
2607,0.503,0.0
2608,0.565,0.0
2609,0.54,0.54
2610,0.519,0.0
2611,0.0,0.544
2612,0.534,0.0
2613,0.552,0.473
2614,0.323,0.0
2615,0.351,0.0
2616,0.626,0.0
2617,0.405,0.0
2618,0.41,0.0
2619,0.597,0.0
2620,0.504,0.0
2621,0.518,0.0
2622,0.0,0.0
2623,0.467,0.0
2624,0.495,0.0
2625,0.522,0.618
2626,0.588,0.464
2627,0.48,0.515
2628,0.571,0.0
2629,0.528,0.0
2630,0.0,0.437
2631,0.415,0.519
2632,0.564,0.473
2633,0.569,0.484
2634,0.502,0.415
2635,0.527,0.0
2636,0.408,0.0
2637,0.593,0.0
2638,0.516,0.397
2639,0.329,0.0
2640,0.41,0.452
2641,0.551,0.0
2642,0.432,0.0
2643,0.61,0.0
2644,0.505,0.739
2645,0.44,0.0
2646,0.64,0.644
2647,0.478,0.0
2648,0.436,0.561
2649,0.0,0.544
2650,0.0,0.0
2651,0.524,0.0
2652,0.0,0.905
2653,0.0,0.578
2654,0.424,1.0
2655,0.403,0.0
2656,0.515,0.0
2657,0.0,0.0
2658,0.609,0.0
2659,0.439,0.0
2660,0.461,0.0
2661,0.444,0.0
2662,0.504,0.0
2663,0.577,0.0
2664,0.437,0.467
2665,0.532,0.0
2666,0.584,0.41
2667,0.496,0.561
2668,0.477,0.0
2669,0.448,0.0
2670,0.0,0.0
2671,0.459,0.429
2672,0.0,0.54
2673,0.573,0.0
2674,0.63,0.464
2675,0.626,0.0
2676,0.0,0.0
2677,0.0,0.0
2678,0.436,0.0
2679,0.424,0.421
2680,0.5,0.0
2681,0.415,0.0
2682,0.456,0.0
2683,0.492,0.6
2684,0.756,0.437
2685,0.579,0.0
2686,0.55,0.0
2687,0.458,0.0
2688,0.483,0.0
2689,0.49,0.0
2690,0.442,0.723
2691,0.456,0.0
2692,0.463,0.515
2693,0.587,0.0
2694,0.483,0.0
2695,0.528,0.0
2696,0.599,0.454
2697,0.536,0.889
2698,0.465,0.444
2699,0.417,0.0
2700,0.527,0.0
2701,0.482,0.0
2702,0.578,0.0
2703,0.537,0.0
2704,0.0,0.306
2705,0.458,0.556
2706,0.375,0.0
2707,0.417,0.0
2708,0.418,0.0
2709,0.551,0.0
2710,0.426,0.0
2711,0.511,0.0
2712,0.508,0.0
2713,0.0,0.561
2714,0.439,0.0
2715,0.5,0.437
2716,0.491,0.561
2717,0.421,0.0
2718,0.456,0.0
2719,0.494,0.0
2720,0.441,0.0
2721,0.494,0.0
2722,0.405,0.0
2723,0.0,0.0
2724,0.0,0.556
2725,0.502,0.0
2726,0.463,0.0
2727,0.0,0.0
2728,0.477,0.625
2729,0.579,0.333
2730,0.468,0.0
2731,0.616,0.0
2732,0.529,0.0
2733,0.361,0.0
2734,0.432,0.0
2735,0.638,0.54
2736,0.563,0.0
2737,0.481,0.0
2738,0.593,0.0
2739,0.0,1.0
2740,0.0,0.562
2741,0.499,0.0
2742,0.378,1.0
2743,0.356,0.423
2744,0.569,0.0
2745,0.431,0.833
2746,0.513,0.0
2747,0.588,0.0
2748,0.555,0.0
2749,0.573,0.0
2750,0.517,0.601
2751,0.525,0.0
2752,0.567,0.0
2753,0.465,0.6
2754,0.417,0.0
2755,0.55,0.456
2756,0.476,0.0
2757,0.0,0.0
2758,0.313,0.0
2759,0.519,0.0
2760,0.424,0.437
2761,0.0,0.0
2762,0.527,0.561
2763,0.0,0.415
2764,0.0,0.556
2765,0.518,0.0
2766,0.428,0.0
2767,0.5,0.426
2768,0.0,0.557
2769,0.551,0.0
2770,0.522,0.0
2771,0.44,0.0
2772,0.519,0.0
2773,0.647,0.0
2774,0.57,0.0
2775,0.383,0.0
2776,0.553,0.0
2777,0.0,0.0
2778,0.0,0.0
2779,0.0,0.0
2780,0.506,0.0
2781,0.656,0.0
2782,0.492,0.389
2783,0.0,0.643
2784,0.506,0.473
2785,0.524,0.0
2786,0.519,0.411
2787,0.0,0.0
2788,0.55,0.53
2789,0.417,0.613
2790,0.501,0.482
2791,0.567,0.413
2792,0.426,0.0
2793,0.45,0.0
2794,0.632,0.0
2795,0.639,0.0
2796,0.509,0.0
2797,0.468,0.452
2798,0.451,0.573
2799,0.667,0.0
2800,0.544,0.0
2801,0.458,1.0
2802,0.803,0.0
2803,0.385,0.0
2804,0.56,0.46
2805,0.399,0.0
2806,0.538,0.0
2807,0.531,0.0
2808,0.0,0.0
2809,0.573,0.0
2810,0.571,0.4
2811,0.535,0.0
2812,0.709,0.0
2813,0.597,0.627
2814,0.48,0.0
2815,0.437,0.0
2816,0.573,0.0
2817,0.51,0.0
2818,0.63,0.0
2819,0.525,0.527
2820,0.466,0.519
2821,0.529,0.0
2822,0.454,0.0
2823,0.555,0.0
2824,0.426,0.0
2825,0.481,0.0
2826,0.434,0.0
2827,0.0,0.567
2828,0.534,0.595
2829,0.0,0.511
2830,0.0,0.0
2831,0.628,0.0
2832,0.0,0.0
2833,0.514,0.0
2834,0.471,0.613
2835,0.66,0.695
2836,0.0,0.0
2837,0.466,0.561
2838,0.629,0.0
2839,0.422,0.461
2840,0.476,0.0
2841,0.0,0.0
2842,0.465,0.576
2843,0.567,0.0
2844,0.573,0.661
2845,0.406,0.561
2846,0.533,0.0
2847,0.373,0.932
2848,0.575,0.0
2849,0.55,0.0
2850,0.547,0.0
2851,0.537,0.561
2852,0.442,0.613
2853,0.603,0.524
2854,0.301,0.0
2855,0.45,0.0
2856,0.378,0.0
2857,0.0,0.824
2858,0.596,0.0
2859,0.0,0.0
2860,0.565,0.0
2861,0.571,0.0
2862,0.472,0.0
2863,0.511,0.0
2864,0.535,0.0
2865,0.541,0.0
2866,0.615,0.0
2867,0.65,0.0
2868,0.442,0.0
2869,0.368,0.0
2870,0.458,0.0
2871,0.514,0.544
2872,0.0,0.458
2873,0.55,0.432
2874,0.261,0.0
2875,0.549,0.497
2876,0.506,0.0
2877,0.447,0.0
2878,0.505,0.0
2879,0.571,0.0
2880,0.556,1.0
2881,0.432,0.0
2882,0.363,0.0
2883,0.505,0.0
2884,0.597,0.0
2885,0.452,0.0
2886,0.0,0.0
2887,0.428,0.0
2888,0.537,0.0
2889,0.627,0.456
2890,0.65,0.524
2891,0.551,0.578
2892,0.574,0.54
2893,0.467,0.0
2894,0.489,0.422
2895,0.596,0.617
2896,0.576,0.765
2897,0.501,0.395
2898,0.579,0.0
2899,0.585,0.0
2900,0.612,0.0
2901,0.616,0.613
2902,0.431,0.0
2903,0.653,0.0
2904,0.483,0.498
2905,0.472,0.549
2906,0.586,0.0
2907,0.461,0.0
2908,0.627,0.0
2909,0.45,0.0
2910,0.409,0.0
2911,0.536,0.0
2912,0.562,0.0
2913,0.0,0.0
2914,0.419,0.0
2915,0.532,0.501
2916,0.0,0.0
2917,0.0,0.0
2918,0.0,0.911
2919,0.465,0.0
2920,0.465,0.0
2921,0.476,0.0
2922,0.537,0.0
2923,0.57,1.0
2924,0.632,0.0
2925,0.48,0.525
2926,0.448,0.613
2927,0.567,0.712
2928,0.569,0.408
2929,0.587,0.0
2930,0.624,0.528
2931,0.45,0.0
2932,0.315,0.0
2933,0.413,0.0
2934,0.562,0.0
2935,0.489,0.593
2936,0.66,0.0
2937,0.0,0.0
2938,0.578,0.0
2939,0.589,0.0
2940,0.628,0.0
2941,0.591,0.0
2942,0.0,0.0
2943,0.676,0.0
2944,0.645,0.0
2945,0.531,0.437
2946,0.617,0.695
2947,0.421,0.511
2948,0.585,0.913
2949,0.557,0.528
2950,0.539,0.719
2951,0.468,0.722
2952,0.0,0.0
2953,0.0,0.54
2954,0.0,0.0
2955,0.697,0.0
2956,0.433,0.0
2957,0.62,0.0
2958,0.383,0.0
2959,0.0,0.0
2960,0.437,0.0
2961,0.417,0.0
2962,0.0,0.0
2963,0.0,0.595
2964,0.539,0.0
2965,0.519,0.0
2966,0.481,0.0
2967,0.0,0.0
2968,0.0,0.0
2969,0.482,0.0
2970,0.491,0.0
2971,0.0,0.0
2972,0.558,0.405
2973,0.569,0.0
2974,0.439,0.0
2975,0.0,0.0
2976,0.506,0.0
2977,0.456,0.519
2978,0.447,0.0
2979,0.528,0.0
2980,0.436,0.464
2981,0.66,0.613
2982,0.494,0.658
2983,0.704,1.0
2984,0.529,0.0
2985,0.601,0.0
2986,0.454,0.437
2987,0.454,0.0
2988,0.319,0.544
2989,0.643,0.605
2990,0.475,0.0
2991,0.434,0.0
2992,0.437,0.0
2993,0.556,0.83
2994,0.489,0.0
2995,0.66,0.0
2996,0.456,0.0
2997,0.43,0.0
2998,0.651,0.413
2999,0.567,0.0
3000,0.506,0.551
3001,0.548,0.0
3002,0.569,0.51
3003,0.5,0.307
3004,0.522,0.437
3005,0.619,0.0
3006,0.523,0.0
3007,0.517,0.0
3008,0.547,0.0
3009,0.492,0.0
3010,0.556,0.0
3011,0.338,0.0
3012,0.456,0.0
3013,0.519,0.437
3014,0.473,0.0
3015,0.664,0.0
3016,0.592,0.0
3017,0.485,0.0
3018,0.437,0.0
3019,0.715,0.529
3020,0.552,0.0
3021,0.0,0.0
3022,0.54,0.0
3023,0.563,0.522
3024,0.0,0.0
3025,0.481,0.0
3026,0.486,0.0
3027,0.466,0.0
3028,0.0,0.0
3029,0.0,0.0
3030,0.555,0.0
3031,0.448,0.489
3032,0.504,0.0
3033,0.532,0.0
3034,0.519,0.0
3035,0.627,0.0
3036,0.486,0.0
3037,0.602,0.821
3038,0.448,0.595
3039,0.556,0.0
3040,0.501,0.0
3041,0.507,0.0
3042,0.0,0.0
3043,0.515,0.0
3044,0.57,0.0
3045,0.0,0.0
3046,0.448,0.0
3047,0.0,0.739
3048,0.0,0.0
3049,0.0,0.0
3050,0.556,0.0
3051,0.4,0.0
3052,0.45,1.0
3053,0.0,0.0
3054,0.0,0.0
3055,0.619,0.0
3056,0.465,0.0
3057,0.447,0.561
3058,0.317,0.0
3059,0.0,0.706
3060,0.0,0.0
3061,0.0,0.0
3062,0.505,0.0
3063,0.0,0.0
3064,0.549,0.0
3065,0.603,0.0
3066,0.543,0.0
3067,0.567,0.0
3068,0.556,0.546
3069,0.549,0.0
3070,0.458,0.0
3071,0.0,0.508
3072,0.633,0.0
3073,0.547,0.587
3074,0.0,0.307
3075,0.378,0.0
3076,0.524,0.0
3077,0.556,0.0
3078,0.519,0.437
3079,0.0,0.0
3080,0.393,0.543
3081,0.55,0.496
3082,0.506,0.397
3083,0.586,0.611
3084,0.524,0.0
3085,0.0,0.338
3086,0.591,0.544
3087,0.0,0.0
3088,0.609,0.0
3089,0.426,0.529
3090,0.421,0.0
3091,0.505,0.0
3092,0.0,0.0
3093,0.535,0.544
3094,0.591,0.0
3095,0.511,0.703
3096,0.546,0.0
3097,0.0,1.0
3098,0.431,0.0
3099,0.547,0.0
3100,0.0,0.0
3101,0.0,0.0
3102,0.0,0.0
3103,0.62,0.442
3104,0.532,0.528
3105,0.41,0.0
3106,0.577,0.0
3107,0.525,0.415
3108,0.0,0.0
3109,0.542,0.0
3110,0.0,0.595
3111,0.539,0.0
3112,0.605,0.0
3113,0.472,0.69
3114,0.658,0.0
3115,0.372,0.0
3116,0.0,0.0
3117,0.503,0.0
3118,0.387,0.0
3119,0.437,0.595
3120,0.581,0.323
3121,0.407,0.0
3122,0.422,0.0
3123,0.539,0.575
3124,0.626,0.0
3125,0.406,0.0
3126,0.0,0.0
3127,0.565,0.0
3128,0.644,0.561
3129,0.521,0.0
3130,0.0,0.595
3131,0.494,0.0
3132,0.621,0.0
3133,0.588,0.0
3134,0.47,0.0
3135,0.535,0.0
3136,0.542,0.307
3137,0.563,0.0
3138,0.635,0.0
3139,0.56,0.0
3140,0.428,0.0
3141,0.571,0.0
3142,0.0,0.0
3143,0.551,0.0
3144,0.0,0.561
3145,0.0,0.905
3146,0.0,0.0
3147,0.0,0.0
3148,0.0,0.0
3149,0.546,0.0
3150,0.311,0.0
3151,0.421,0.0
3152,0.52,0.0
3153,0.552,0.0
3154,0.633,0.0
3155,0.52,0.0
3156,0.0,0.0
3157,0.591,0.544
3158,0.594,0.561
3159,0.55,0.0
3160,0.549,0.0
3161,0.565,0.0
3162,0.617,0.0
3163,0.573,0.0
3164,0.545,0.0
3165,0.613,0.54
3166,0.451,0.489
3167,0.296,0.0
3168,0.301,0.0
3169,0.569,0.437
3170,0.0,0.0
3171,0.0,0.0
3172,0.566,0.0
3173,0.508,0.0
3174,0.447,0.0
3175,0.556,0.0
3176,0.512,0.538
3177,0.539,0.0
3178,0.603,0.0
3179,0.53,0.456
3180,0.605,0.413
3181,0.665,0.482
3182,0.536,0.437
3183,0.549,0.0
3184,0.0,0.0
3185,0.0,0.0
3186,0.0,0.0
3187,0.513,0.6
3188,0.44,0.0
3189,0.524,0.0
3190,0.49,0.0
3191,0.57,0.0
3192,0.525,0.0
3193,0.569,0.0
3194,0.542,0.561
3195,0.607,0.0
3196,0.639,0.635
3197,0.519,0.0
3198,0.481,0.0
3199,0.569,0.0
3200,0.493,0.0
3201,0.472,0.0
3202,0.414,0.6
3203,0.356,0.0
3204,0.544,0.0
3205,0.533,0.0
3206,0.511,0.0
3207,0.639,0.0
3208,0.5,0.306
3209,0.438,0.519
3210,0.505,0.31
3211,0.611,0.317
3212,0.456,0.597
3213,0.552,0.456
3214,0.506,0.66
3215,0.443,0.547
3216,0.423,0.0
3217,0.472,0.0
3218,0.551,0.0
3219,0.0,0.0
3220,0.489,0.0
3221,0.428,0.0
3222,0.525,0.0
3223,0.605,0.0
3224,0.56,0.0
3225,0.524,0.0
3226,0.682,0.489
3227,0.45,0.0
3228,0.569,0.0
3229,0.407,0.0
3230,0.592,0.0
3231,0.444,0.0
3232,0.394,0.0
3233,0.0,1.0
3234,0.344,0.437
3235,0.563,0.536
3236,0.665,0.0
3237,0.609,0.0
3238,0.616,0.431
3239,0.476,0.0
3240,0.489,0.746
3241,0.344,0.0
3242,0.532,0.514
3243,0.556,0.0
3244,0.437,0.0
3245,0.639,0.0
3246,0.546,0.0
3247,0.481,0.0
3248,0.583,0.627
3249,0.45,0.0
3250,0.0,0.0
3251,0.589,0.0
3252,0.419,0.0
3253,0.426,0.0
3254,0.502,0.0
3255,0.506,0.0
3256,0.519,0.0
3257,0.468,0.0
3258,0.565,0.613
3259,0.472,0.0
3260,0.612,0.0
3261,0.579,0.0
3262,0.513,0.0
3263,0.528,0.0
3264,0.404,0.651
3265,0.456,0.448
3266,0.539,0.0
3267,0.552,0.0
3268,0.594,0.0
3269,0.528,0.478
3270,0.307,0.595
3271,0.584,0.416
3272,0.428,0.0
3273,0.442,0.0
3274,0.626,0.439
3275,0.48,0.0
3276,0.0,0.0
3277,0.512,0.299
3278,0.557,0.0
3279,0.492,1.0
3280,0.536,0.0
3281,0.548,0.0
3282,0.611,0.0
3283,0.432,0.0
3284,0.364,0.0
3285,0.528,0.0
3286,0.625,0.0
3287,0.636,0.595
3288,0.528,0.429
3289,0.571,0.0
3290,0.472,0.0
3291,0.459,0.0
3292,0.493,0.627
3293,0.484,0.544
3294,0.423,0.0
3295,0.424,0.0
3296,0.614,0.0
3297,0.518,0.0
3298,0.0,0.592
3299,0.325,0.0
3300,0.672,0.0
3301,0.601,0.471
3302,0.0,0.595
3303,0.411,0.551
3304,0.627,0.595
3305,0.421,0.595
3306,0.268,0.0
3307,0.0,0.0
3308,0.508,0.0
3309,0.583,0.0
3310,0.589,0.0
3311,0.456,1.0
3312,0.489,0.0
3313,0.0,0.0
3314,0.567,0.0
3315,0.481,0.0
3316,0.625,0.0
3317,0.633,0.0
3318,0.462,0.0
3319,0.479,0.0
3320,0.617,0.0
3321,0.519,0.419
3322,0.467,0.0
3323,0.401,0.0
3324,0.513,0.0
3325,0.469,0.0
3326,0.377,0.0
3327,0.549,0.0
3328,0.524,0.0
3329,0.728,0.0
3330,0.471,0.0
3331,0.573,0.0
3332,0.43,0.0
3333,0.574,0.437
3334,0.431,0.54
3335,0.0,0.0
3336,0.0,0.0
3337,0.601,0.0
3338,0.54,0.424
3339,0.519,0.0
3340,0.565,0.0
3341,0.458,0.0
3342,0.423,0.0
3343,0.578,0.0
3344,0.52,0.0
3345,0.56,0.0
3346,0.638,0.0
3347,0.595,0.0
3348,0.571,0.0
3349,0.54,0.0
3350,0.611,0.0
3351,0.494,0.0
3352,0.585,0.595
3353,0.477,1.0
3354,0.418,0.0
3355,0.593,0.0
3356,0.435,0.489
3357,0.623,0.0
3358,0.444,0.456
3359,0.52,0.0
3360,0.609,0.0
3361,0.381,0.0
3362,0.463,0.54
3363,0.522,0.607
3364,0.53,0.75
3365,0.56,0.437
3366,0.498,0.0
3367,0.413,0.0
3368,0.564,0.454
3369,0.556,0.0
3370,0.466,0.0
3371,0.603,0.483
3372,0.0,0.0
3373,0.589,0.0
3374,0.387,0.0
3375,0.456,0.0
3376,0.532,0.0
3377,0.544,0.0
3378,0.419,0.46
3379,0.41,0.0
3380,0.374,0.889
3381,0.429,0.0
3382,0.514,0.0
3383,0.484,0.0
3384,0.526,0.893
3385,0.55,0.0
3386,0.0,0.0
3387,0.547,0.0
3388,0.558,0.528
3389,0.524,0.444
3390,0.0,0.0
3391,0.528,0.307
3392,0.515,0.0
3393,0.513,0.595
3394,0.0,0.0
3395,0.0,0.413
3396,0.48,0.338
3397,0.593,0.0
3398,0.557,0.524
3399,0.437,0.0
3400,0.556,0.306
3401,0.396,1.0
3402,0.643,0.54
3403,0.544,0.0
3404,0.578,1.0
3405,0.58,0.0
3406,0.0,0.0
3407,0.556,0.397
3408,0.578,0.0
3409,0.594,0.0
3410,0.45,0.0
3411,0.433,0.0
3412,0.464,0.419
3413,0.542,0.0
3414,0.528,0.0
3415,0.54,0.0
3416,0.429,0.0
3417,0.383,0.544
3418,0.542,0.0
3419,0.607,0.544
3420,0.514,0.0
3421,0.531,0.0
3422,0.529,1.0
3423,0.493,0.544
3424,0.0,0.41
3425,0.601,0.0
3426,0.484,0.421
3427,0.645,0.0
3428,0.543,0.0
3429,0.518,0.0
3430,0.477,0.446
3431,0.542,0.0
3432,0.587,0.307
3433,0.424,0.403
3434,0.395,0.0
3435,0.392,0.496
3436,0.464,0.471
3437,0.496,0.703
3438,0.544,0.0
3439,0.594,0.0
3440,0.399,0.0
3441,0.387,0.426
3442,0.509,0.0
3443,0.344,0.561
3444,0.491,0.0
3445,0.0,0.439
3446,0.0,0.631
3447,0.5,0.0
3448,0.503,0.0
3449,0.575,0.0
3450,0.453,0.0
3451,0.505,0.0
3452,0.499,0.0
3453,0.563,0.0
3454,0.421,0.0
3455,0.505,0.0
3456,0.533,0.0
3457,0.444,0.558
3458,0.0,0.788
3459,0.524,0.0
3460,0.432,0.487
3461,0.603,0.0
3462,0.417,0.0
3463,0.557,0.561
3464,0.607,0.821
3465,0.578,0.0
3466,0.583,0.418
3467,0.476,0.0
3468,0.489,0.602
3469,0.278,0.0
3470,0.567,0.54
3471,0.469,0.0
3472,0.538,0.0
3473,0.532,0.544
3474,0.631,0.608
3475,0.0,0.561
3476,0.344,0.0
3477,0.619,0.0
3478,0.0,0.0
3479,0.489,0.0
3480,0.549,0.0
3481,0.55,0.437
3482,0.0,0.0
3483,0.517,0.503
3484,0.0,0.0
3485,0.577,0.0
3486,0.0,0.0
3487,0.0,0.905
3488,0.544,0.0
3489,0.561,0.0
3490,0.0,0.643
3491,0.55,0.489
3492,0.55,0.0
3493,0.508,0.0
3494,0.338,0.595
3495,0.552,0.0
3496,0.464,0.561
3497,0.599,0.0
3498,0.56,0.0
3499,0.503,0.329
3500,0.573,0.594
3501,0.494,0.557
3502,0.448,0.0
3503,0.0,0.0
3504,0.515,0.0
3505,0.518,0.0
3506,0.506,0.532
3507,0.733,0.65
3508,0.616,0.0
3509,0.456,0.561
3510,0.405,0.548
3511,0.472,0.0
3512,0.537,0.0
3513,0.0,0.0
3514,0.595,0.675
3515,0.577,0.0
3516,0.582,0.0
3517,0.472,0.0
3518,0.519,0.556
3519,0.49,0.0
3520,0.0,0.0
3521,0.506,0.426
3522,0.0,1.0
3523,0.0,0.0
3524,0.45,0.0
3525,0.514,0.0
3526,0.0,0.423
3527,0.403,0.0
3528,0.542,0.679
3529,0.502,0.0
3530,0.54,0.437
3531,0.51,0.0
3532,0.471,0.0
3533,0.587,0.439
3534,0.501,0.0
3535,0.324,0.0
3536,0.583,0.0
3537,0.539,0.0
3538,0.435,0.0
3539,0.478,0.0
3540,0.477,0.0
3541,0.515,0.0
3542,0.639,0.0
3543,0.683,0.498
3544,0.467,0.65
3545,0.637,1.0
3546,0.495,0.0
3547,0.667,0.0
3548,0.524,0.0
3549,0.464,0.0
3550,0.5,0.0
3551,0.663,0.0
3552,0.601,0.0
3553,0.547,0.508
3554,0.608,0.649
3555,0.589,0.0
3556,0.439,0.485
3557,0.467,0.714
3558,0.521,0.545
3559,0.537,0.0
3560,0.0,0.0
3561,0.494,0.0
3562,0.448,0.0
3563,0.423,0.0
3564,0.0,0.0
3565,0.472,0.0
3566,0.433,0.0
3567,0.583,0.52
3568,0.468,0.528
3569,0.617,0.0
3570,0.535,0.643
3571,0.646,0.0
3572,0.447,0.0
3573,0.563,0.0
3574,0.564,0.0
3575,0.511,0.0
3576,0.588,0.0
3577,0.535,0.0
3578,0.554,0.683
3579,0.527,0.437
3580,0.505,0.571
3581,0.567,0.505
3582,0.534,0.0
3583,0.371,0.0
3584,0.579,0.0
3585,0.495,1.0
3586,0.621,0.0
3587,0.467,0.0
3588,0.6,0.0
3589,0.596,0.0
3590,0.417,0.0
3591,0.597,0.0
3592,0.484,0.0
3593,0.531,0.0
3594,0.601,0.583
3595,0.0,0.0
3596,0.46,0.417
3597,0.414,0.623
3598,0.488,0.543
3599,0.531,0.0
3600,0.544,0.0
3601,0.552,0.0
3602,0.414,0.498
3603,0.588,0.556
3604,0.45,0.0
3605,0.611,0.571
3606,0.0,0.613
3607,0.587,0.0
3608,0.348,0.0
3609,0.519,0.0
3610,0.394,0.0
3611,0.428,0.0
3612,0.483,0.0
3613,0.547,0.0
3614,0.522,0.0
3615,0.313,0.0
3616,0.573,0.0
3617,0.514,0.0
3618,0.503,0.489
3619,0.591,0.0
3620,0.588,0.0
3621,0.433,1.0
3622,0.514,0.0
3623,0.0,0.524
3624,0.444,1.0
3625,0.492,0.519
3626,0.542,0.0
3627,0.41,0.0
3628,0.444,0.0
3629,0.412,0.404
3630,0.567,0.0
3631,0.372,0.0
3632,0.463,0.437
3633,0.694,0.0
3634,0.437,0.635
3635,0.0,0.0
3636,0.435,0.0
3637,0.638,0.5
3638,0.681,0.0
3639,0.534,0.423
3640,0.538,0.0
3641,0.47,0.0
3642,0.0,0.0
3643,0.444,0.437
3644,0.399,0.0
3645,0.0,0.0
3646,0.505,0.0
3647,0.535,0.61
3648,0.486,0.0
3649,0.0,0.0
3650,0.508,0.44
3651,0.437,0.415
3652,0.0,0.0
3653,0.547,0.0
3654,0.489,0.0
3655,0.583,0.0
3656,0.489,0.0
3657,0.778,0.0
3658,0.483,0.0
3659,0.348,0.437
3660,0.456,0.0
3661,0.627,0.0
3662,0.519,0.54
3663,0.426,0.411
3664,0.0,0.0
3665,0.0,0.595
3666,0.405,0.0
3667,0.628,0.0
3668,0.534,0.0
3669,0.504,0.556
3670,0.636,0.0
3671,0.634,0.889
3672,0.429,0.0
3673,0.556,0.0
3674,0.491,0.625
3675,0.532,0.643
3676,0.523,0.0
3677,0.0,0.0
3678,0.581,0.0
3679,0.513,0.0
3680,0.499,0.0
3681,0.564,0.0
3682,0.501,0.0
3683,0.414,0.0
3684,0.503,0.0
3685,0.0,0.0
3686,0.422,0.444
3687,0.573,0.543
3688,0.465,0.0
3689,0.544,0.437
3690,0.0,0.571
3691,0.301,0.0
3692,0.532,0.544
3693,0.356,0.0
3694,0.553,0.0
3695,0.481,0.0
3696,0.313,0.0
3697,0.532,0.0
3698,0.426,0.0
3699,0.544,0.0
3700,0.401,0.0
3701,0.453,0.0
3702,0.541,0.0
3703,1.0,0.0
3704,0.454,0.0
3705,0.496,0.562
3706,0.489,0.0
3707,0.41,0.821
3708,0.44,0.0
3709,0.0,0.0
3710,0.578,0.767
3711,0.532,0.0
3712,0.553,0.0
3713,0.558,0.0
3714,0.42,0.437
3715,0.519,0.0
3716,0.737,0.0
3717,0.476,0.0
3718,0.0,0.0
3719,0.496,0.0
3720,0.429,0.0
3721,0.566,0.0
3722,0.596,0.0
3723,0.522,0.0
3724,0.597,0.0
3725,0.407,0.0
3726,0.426,0.411
3727,0.0,0.0
3728,0.506,0.528
3729,0.427,0.0
3730,0.569,1.0
3731,0.437,0.0
3732,0.578,0.54
3733,0.625,0.55
3734,0.562,0.0
3735,0.521,0.0
3736,0.489,1.0
3737,0.467,0.432
3738,0.58,0.0
3739,0.618,0.0
3740,0.593,0.0
3741,0.549,0.0
3742,0.454,0.543
3743,0.442,0.0
3744,0.533,0.0
3745,0.43,0.0
3746,0.7,0.0
3747,0.569,0.556
3748,0.338,0.0
3749,0.456,0.603
3750,0.481,0.0
3751,0.322,0.0
3752,0.587,0.0
3753,0.0,0.742
3754,0.681,0.0
3755,0.542,0.0
3756,0.594,0.592
3757,0.524,0.0
3758,0.492,0.0
3759,0.61,0.0
3760,0.0,0.0
3761,0.429,0.53
3762,0.489,0.632
3763,0.562,0.0
3764,0.525,0.497
3765,0.708,0.554
3766,0.538,0.607
3767,0.599,0.0
3768,0.47,0.471
3769,0.524,0.0
3770,0.458,0.0
3771,0.503,0.0
3772,0.478,0.0
3773,0.446,0.0
3774,0.517,0.0
3775,0.623,0.575
3776,0.408,0.0
3777,0.478,0.0
3778,0.494,0.0
3779,0.577,0.0
3780,0.562,0.548
3781,0.558,0.0
3782,0.521,0.0
3783,0.597,0.0
3784,0.568,0.0
3785,0.486,0.0
3786,0.522,0.544
3787,0.583,0.489
3788,0.514,0.0
3789,0.448,0.548
3790,0.0,0.0
3791,0.0,0.0
3792,0.569,0.0
3793,0.521,0.544
3794,0.464,0.0
3795,0.456,0.0
3796,0.539,0.0
3797,0.0,0.0
3798,0.493,0.544
3799,0.0,0.0
3800,0.571,0.0
3801,0.494,0.0
3802,0.0,1.0
3803,0.583,0.613
3804,0.447,0.0
3805,0.532,0.0
3806,0.715,0.0
3807,0.511,0.0
3808,0.332,0.625
3809,0.534,0.439
3810,0.796,0.0
3811,0.545,0.0
3812,0.423,0.423
3813,0.444,0.0
3814,0.54,0.536
3815,0.473,0.643
3816,0.565,0.0
3817,0.571,0.0
3818,0.512,0.613
3819,0.505,0.0
3820,0.606,0.0
3821,0.0,0.0
3822,0.433,0.561
3823,0.439,0.0
3824,0.356,0.0
3825,0.0,0.0
3826,0.533,0.0
3827,0.0,0.0
3828,0.619,0.0
3829,0.638,0.0
3830,0.562,0.0
3831,0.481,0.0
3832,0.7,0.0
3833,0.489,0.0
3834,0.465,0.0
3835,0.619,0.0
3836,0.0,0.0
3837,0.0,0.489
3838,0.593,0.0
3839,0.514,0.0
3840,0.487,0.0
3841,0.468,0.0
3842,0.433,0.0
3843,0.0,0.0
3844,0.448,0.0
3845,0.577,0.0
3846,0.556,0.0
3847,0.585,0.56
3848,0.594,0.0
3849,0.556,0.0
3850,0.535,0.0
3851,0.4,0.535
3852,0.606,0.0
3853,0.496,0.426
3854,0.0,0.0
3855,0.685,0.0
3856,0.0,0.0
3857,0.437,0.578
3858,0.438,0.0
3859,0.531,0.0
3860,0.506,0.561
3861,0.715,0.0
3862,0.516,0.0
3863,0.543,0.0
3864,0.461,0.0
3865,0.0,0.0
3866,0.5,0.413
3867,0.389,0.0
3868,0.422,0.0
3869,0.528,0.0
3870,0.0,0.415
3871,0.588,0.0
3872,0.487,0.472
3873,0.613,0.583
3874,0.695,0.0
3875,0.0,0.0
3876,0.472,0.833
3877,0.647,0.0
3878,0.392,0.0
3879,0.425,0.0
3880,0.447,0.0
3881,0.479,0.0
3882,0.561,0.0
3883,0.519,0.767
3884,0.458,0.41
3885,0.643,0.0
3886,0.539,0.561
3887,0.636,0.0
3888,0.461,1.0
3889,0.602,0.571
3890,0.639,0.643
3891,0.0,0.0
3892,0.552,0.0
3893,0.367,0.0
3894,0.476,0.0
3895,0.593,0.0
3896,0.597,0.0
3897,0.556,0.0
3898,0.473,0.0
3899,0.555,0.0
3900,0.622,0.538
3901,0.0,0.338
3902,0.563,0.0
3903,0.593,0.0
3904,0.596,0.561
3905,0.424,0.0
3906,0.54,0.0
3907,0.294,0.0
3908,0.461,0.0
3909,0.633,0.0
3910,0.446,0.543
3911,0.322,0.413
3912,0.378,0.53
3913,0.482,0.0
3914,0.725,0.509
3915,0.524,0.551
3916,0.417,1.0
3917,0.0,0.417
3918,0.666,0.0
3919,0.467,0.0
3920,0.597,0.0
3921,0.593,0.0
3922,0.524,0.0
3923,0.406,0.821
3924,0.0,0.0
3925,0.585,0.0
3926,0.533,0.0
3927,0.417,0.0
3928,0.45,0.0
3929,0.531,0.0
3930,0.444,0.0
3931,0.565,0.0
3932,0.539,0.0
3933,0.458,0.0
3934,0.455,0.0
3935,0.516,0.0
3936,0.624,0.0
3937,0.565,0.0
3938,0.437,0.0
3939,0.509,0.0
3940,0.0,0.0
3941,0.524,0.0
3942,0.0,0.0
3943,0.633,0.48
3944,0.45,0.0
3945,0.441,0.0
3946,0.403,0.0
3947,0.0,0.0
3948,0.504,0.0
3949,0.519,0.0
3950,0.408,0.511
3951,0.55,0.0
3952,0.589,0.0
3953,0.466,0.0
3954,0.5,0.0
3955,0.586,0.0
3956,0.641,0.505
3957,0.464,0.0
3958,0.506,0.0
3959,0.41,0.0
3960,0.445,0.0
3961,0.678,0.0
3962,0.489,0.0
3963,0.567,0.0
3964,0.596,0.489
3965,0.448,0.0
3966,0.484,0.48
3967,0.519,0.426
3968,0.0,0.0
3969,0.0,0.466
3970,0.515,0.0
3971,0.458,0.0
3972,0.481,0.0
3973,0.507,0.0
3974,0.501,0.651
3975,0.442,0.0
3976,0.528,0.0
3977,0.436,0.0
3978,0.47,0.0
3979,0.417,0.0
3980,0.426,0.0
3981,0.487,0.0
3982,0.571,0.562
3983,0.498,0.437
3984,0.439,0.0
3985,0.0,0.0
3986,0.492,0.437
3987,0.476,0.0
3988,0.472,0.643
3989,0.632,0.456
3990,0.0,0.0
3991,0.517,0.0
3992,0.579,0.395
3993,0.0,0.0
3994,0.562,0.0
3995,0.558,0.428
3996,0.63,0.0
3997,0.439,0.0
3998,0.635,0.0
3999,0.562,0.0
4000,0.538,0.0
4001,0.476,0.0
4002,0.496,0.0
4003,0.557,0.473
4004,0.536,0.0
4005,0.456,0.886
4006,0.343,0.0
4007,0.304,0.747
4008,0.278,0.0
4009,0.433,0.0
4010,0.54,0.0
4011,0.569,0.0
4012,0.454,0.0
4013,0.57,0.0
4014,0.521,0.0
4015,0.563,0.0
4016,0.515,0.0
4017,0.573,0.0
4018,0.539,0.0
4019,0.556,0.0
4020,0.0,0.0
4021,0.444,0.0
4022,0.492,0.548
4023,0.49,0.0
4024,0.515,0.54
4025,0.0,0.0
4026,0.672,0.444
4027,0.456,0.0
4028,0.418,0.643
4029,0.426,0.489
4030,0.453,0.0
4031,0.489,0.0
4032,0.41,1.0
4033,0.534,0.0
4034,0.554,0.0
4035,0.579,0.0
4036,0.513,0.0
4037,0.0,0.0
4038,0.452,0.0
4039,0.509,0.0
4040,0.461,0.0
4041,0.413,0.0
4042,0.558,0.489
4043,0.385,0.0
4044,0.502,0.351
4045,0.0,0.0
4046,0.445,0.0
4047,0.359,0.54
4048,0.0,0.0
4049,0.458,0.0
4050,0.494,0.0
4051,0.636,0.0
4052,0.0,0.561
4053,0.507,0.448
4054,0.437,0.0
4055,0.507,0.439
4056,0.538,0.415
4057,0.577,1.0
4058,0.551,0.484
4059,0.632,0.0
4060,0.549,0.0
4061,0.518,0.0
4062,0.0,0.0
4063,0.424,0.0
4064,0.531,0.535
4065,0.0,1.0
4066,0.54,0.0
4067,0.474,0.431
4068,0.515,0.0
4069,0.0,0.0
4070,0.503,0.0
4071,0.424,0.0
4072,0.0,0.338
4073,0.513,0.0
4074,0.527,0.0
4075,0.506,0.556
4076,0.578,0.0
4077,0.476,0.0
4078,0.527,0.0
4079,0.43,0.0
4080,0.0,0.0
4081,0.422,0.444
4082,0.0,0.0
4083,0.588,0.0
4084,0.689,0.0
4085,0.536,0.0
4086,0.467,0.0
4087,0.557,0.437
4088,0.54,0.0
4089,0.478,0.0
4090,0.0,0.0
4091,0.418,0.0
4092,0.556,0.0
4093,0.492,0.0
4094,0.385,0.0
4095,0.0,0.0
4096,0.588,0.616
4097,0.0,0.0
4098,0.57,0.0
4099,0.45,0.553
4100,0.595,0.0
4101,0.591,0.0
4102,0.502,0.0
4103,0.0,0.437
4104,0.466,0.0
4105,0.431,0.551
4106,0.587,0.0
4107,0.494,0.0
4108,0.556,0.0
4109,0.629,0.621
4110,0.527,0.0
4111,0.519,0.0
4112,0.53,0.625
4113,0.507,0.0
4114,0.426,0.0
4115,0.424,0.0
4116,0.478,0.613
4117,0.491,0.535
4118,0.605,0.503
4119,0.627,0.437
4120,0.513,0.0
4121,0.522,1.0
4122,0.5,0.0
4123,0.405,0.437
4124,0.494,0.0
4125,0.447,0.0
4126,0.672,0.0
4127,0.441,0.0
4128,0.7,0.0
4129,0.517,0.0
4130,0.634,1.0
4131,0.694,0.0
4132,0.542,0.519
4133,0.503,0.0
4134,0.524,0.0
4135,0.0,0.762
4136,0.424,0.0
4137,0.0,0.472
4138,0.461,0.0
4139,0.0,0.0
4140,0.495,0.0
4141,0.489,0.0
4142,0.46,0.0
4143,0.599,1.0
4144,0.62,0.437
4145,0.438,0.0
4146,0.437,0.0
4147,0.571,0.437
4148,0.537,0.0
4149,0.506,0.556
4150,0.549,0.0
4151,0.45,0.0
4152,0.522,1.0
4153,0.565,0.0
4154,0.515,0.0
4155,0.542,0.0
4156,0.383,0.0
4157,0.585,0.444
4158,0.556,1.0
4159,0.689,0.562
4160,0.495,0.0
4161,0.0,0.889
4162,0.0,0.544
4163,0.675,0.0
4164,0.572,0.0
4165,0.645,0.0
4166,0.398,0.0
4167,0.536,0.0
4168,0.0,0.544
4169,0.42,0.544
4170,0.459,1.0
4171,0.0,0.493
4172,0.449,0.0
4173,0.581,0.0
4174,0.522,0.0
4175,0.525,0.746
4176,0.468,0.0
4177,0.473,0.0
4178,0.0,1.0
4179,0.542,0.0
4180,0.519,0.0
4181,0.492,0.0
4182,0.676,0.0
4183,0.47,0.0
4184,0.414,0.0
4185,0.549,0.601
4186,0.53,0.0
4187,0.519,0.0
4188,0.39,0.411
4189,0.0,0.0
4190,0.439,0.308
4191,0.464,0.0
4192,0.557,0.905
4193,0.612,0.0
4194,0.0,0.595
4195,0.465,0.0
4196,0.499,0.0
4197,0.49,0.444
4198,0.584,0.0
4199,0.61,0.489
4200,0.468,0.619
4201,0.544,0.413
4202,0.0,0.444
4203,0.604,0.603
4204,0.556,0.0
4205,0.53,0.0
4206,0.57,0.0
4207,0.487,0.0
4208,0.426,0.0
4209,0.417,0.0
4210,0.0,0.0
4211,0.472,0.0
4212,0.534,0.0
4213,0.411,0.432
4214,0.311,0.0
4215,0.384,0.627
4216,0.614,0.0
4217,0.0,0.583
4218,0.573,0.595
4219,0.565,0.543
4220,0.0,0.0
4221,0.552,0.889
4222,0.606,0.0
4223,0.497,0.0
4224,0.417,0.44
4225,0.507,0.437
4226,0.473,0.0
4227,0.426,0.0
4228,0.491,0.0
4229,0.625,0.0
4230,0.522,0.0
4231,0.532,0.0
4232,0.545,0.576
4233,0.481,0.0
4234,0.55,0.0
4235,0.48,1.0
4236,0.476,0.542
4237,0.336,0.465
4238,0.48,0.544
4239,0.531,0.0
4240,0.603,0.0
4241,0.605,0.643
4242,0.422,0.0
4243,0.585,0.437
4244,0.0,0.0
4245,0.531,0.0
4246,0.665,0.0
4247,0.431,0.0
4248,0.381,0.47
4249,0.0,0.0
4250,0.0,0.0
4251,0.0,0.0
4252,0.585,0.0
4253,0.571,0.643
4254,0.594,0.0
4255,0.561,0.595
4256,0.0,0.0
4257,0.0,0.0
4258,0.0,0.0
4259,0.656,0.0
4260,0.629,0.0
4261,0.489,0.0
4262,0.537,0.53
4263,0.0,0.437
4264,0.454,0.456
4265,0.533,0.0
4266,0.411,0.0
4267,0.511,0.0
4268,0.0,0.0
4269,0.0,0.458
4270,0.467,0.0
4271,0.509,0.0
4272,0.451,0.0
4273,0.578,0.0
4274,0.0,0.528
4275,0.0,0.0
4276,0.574,0.0
4277,0.587,0.0
4278,0.0,0.0
4279,0.0,0.53
4280,0.478,0.0
4281,1.0,0.0
4282,0.468,0.0
4283,0.458,0.0
4284,0.481,0.0
4285,0.0,0.512
4286,0.547,0.567
4287,0.364,0.0
4288,0.563,0.0
4289,0.439,0.595
4290,0.472,0.0
4291,0.615,0.0
4292,0.633,0.0
4293,0.556,0.0
4294,0.607,0.437
4295,0.398,0.561
4296,0.481,0.0
4297,0.566,0.432
4298,0.0,0.0
4299,0.639,0.0
4300,0.456,0.0
4301,0.571,0.0
4302,0.506,0.0
4303,0.583,0.0
4304,0.0,0.0
4305,0.0,0.0
4306,0.0,0.0
4307,0.0,0.0
4308,0.6,0.0
4309,0.56,0.0
4310,0.0,0.486
4311,0.417,0.394
4312,0.576,0.917
4313,0.0,0.0
4314,0.0,0.0
4315,0.616,0.0
4316,0.692,0.466
4317,0.519,0.0
4318,0.0,0.0
4319,0.407,0.0
4320,0.567,0.0
4321,0.478,0.0
4322,0.0,0.0
4323,0.424,0.561
4324,0.484,0.0
4325,0.605,0.0
4326,0.478,0.429
4327,0.0,0.444
4328,0.505,0.489
4329,0.0,0.0
4330,0.686,0.437
4331,0.0,0.0
4332,0.456,0.714
4333,0.572,0.53
4334,0.514,0.821
4335,0.292,0.628
4336,0.49,0.647
4337,0.561,0.543
4338,0.0,0.613
4339,0.345,0.616
4340,0.449,0.0
4341,0.487,0.0
4342,0.448,0.444
4343,0.505,0.0
4344,0.514,0.0
4345,0.442,0.0
4346,0.54,0.519
4347,0.621,0.489
4348,0.0,0.437
4349,0.526,0.821
4350,0.616,0.544
4351,0.381,0.0
4352,0.506,0.0
4353,0.574,0.0
4354,0.513,0.0
4355,0.592,0.0
4356,0.552,0.0
4357,0.522,0.437
4358,0.664,0.0
4359,0.504,0.0
4360,0.0,0.0
4361,0.608,0.437
4362,0.58,0.905
4363,0.495,0.0
4364,0.578,0.54
4365,0.611,0.54
4366,0.506,0.0
4367,0.437,0.0
4368,0.414,0.0
4369,0.578,0.0
4370,0.423,0.415
4371,0.675,0.402
4372,0.577,1.0
4373,0.544,0.571
4374,0.0,0.0
4375,0.519,0.0
4376,0.56,0.821
4377,0.0,0.0
4378,0.0,1.0
4379,0.444,0.0
4380,0.6,0.578
4381,0.304,0.0
4382,0.574,0.548
4383,0.572,0.0
4384,0.657,0.0
4385,0.0,1.0
4386,0.0,0.54
4387,0.491,0.0
4388,0.433,0.0
4389,0.517,0.0
4390,0.568,0.0
4391,0.643,0.0
4392,0.466,0.437
4393,0.0,0.0
4394,0.579,0.0
4395,0.412,0.543
4396,0.531,0.0
4397,0.569,0.0
4398,0.4,0.683
4399,0.41,0.454
4400,0.519,0.0
4401,0.555,0.437
4402,0.517,0.54
4403,0.553,0.575
4404,0.497,0.0
4405,0.561,0.431
4406,0.413,0.516
4407,0.579,0.421
4408,0.546,0.0
4409,0.0,0.0
4410,0.577,0.467
4411,0.556,0.6
4412,0.512,0.0
4413,0.624,0.0
4414,0.499,0.0
4415,0.563,0.0
4416,0.551,0.0
4417,0.294,0.0
4418,0.0,0.643
4419,0.421,0.0
4420,0.478,0.0
4421,0.493,0.561
4422,0.606,0.0
4423,0.688,0.683
4424,0.496,0.0
4425,0.43,0.0
4426,0.505,0.0
4427,0.554,0.0
4428,0.645,0.768
4429,0.0,0.514
4430,0.576,0.0
4431,0.459,0.0
4432,0.317,0.889
4433,0.421,0.0
4434,0.663,0.0
4435,0.418,0.0
4436,0.537,0.473
4437,0.518,0.0
4438,0.43,0.0
4439,0.422,0.0
4440,0.522,0.437
4441,0.523,0.0
4442,0.664,0.0
4443,0.0,0.0
4444,0.618,0.0
4445,0.615,0.437
4446,0.491,0.0
4447,0.405,0.601
4448,0.519,1.0
4449,0.588,0.0
4450,0.594,0.0
4451,0.488,0.561
4452,0.27,0.0
4453,0.504,0.0
4454,0.485,0.0
4455,0.439,0.0
4456,0.572,0.0
4457,0.45,0.595
4458,0.572,0.437
4459,0.402,0.0
4460,0.495,0.561
4461,0.597,0.0
4462,0.417,0.905
4463,0.618,0.0
4464,0.484,0.0
4465,0.63,0.0
4466,0.478,0.0
4467,0.501,0.0
4468,0.0,0.397
4469,0.523,0.303
4470,0.639,0.437
4471,0.556,0.0
4472,0.445,0.5
4473,0.584,0.0
4474,0.584,0.473
4475,0.438,0.0
4476,0.505,0.0
4477,0.611,0.0
4478,0.528,0.437
4479,0.0,0.489
4480,0.597,0.439
4481,0.437,0.431
4482,0.0,0.0
4483,0.47,0.0
4484,0.442,0.0
4485,0.522,0.489
4486,0.0,0.54
4487,0.0,0.0
4488,0.517,0.0
4489,0.653,0.0
4490,0.0,0.0
4491,0.433,0.0
4492,0.519,0.489
4493,0.516,0.786
4494,0.0,0.0
4495,0.613,0.0
4496,0.55,0.0
4497,0.516,0.0
4498,0.694,0.0
4499,0.414,0.0
4500,0.427,0.0
4501,0.473,0.0
4502,0.508,0.517
4503,0.426,0.0
4504,0.508,0.0
4505,0.283,0.0
4506,0.417,0.0
4507,0.481,0.905
4508,0.573,0.0
4509,0.601,0.0
4510,0.536,0.0
4511,0.554,0.0
4512,0.451,0.0
4513,0.451,0.0
4514,0.469,0.0
4515,0.789,0.0
4516,0.476,0.0
4517,0.417,0.0
4518,0.583,0.699
4519,0.519,0.0
4520,0.0,0.0
4521,0.516,0.0
4522,0.603,0.0
4523,0.464,0.0
4524,0.622,0.451
4525,0.462,0.0
4526,0.629,0.0
4527,0.602,0.0
4528,0.311,0.0
4529,0.643,0.0
4530,0.492,0.0
4531,0.6,0.0
4532,0.433,0.338
4533,0.614,0.0
4534,0.466,0.0
4535,0.377,0.0
4536,0.558,0.0
4537,0.558,0.0
4538,0.512,0.0
4539,0.0,0.651
4540,0.5,0.0
4541,0.569,0.0
4542,0.414,0.489
4543,0.548,0.313
4544,0.533,0.0
4545,0.403,0.442
4546,0.0,0.0
4547,0.462,0.0
4548,0.415,0.0
4549,0.64,0.595
4550,0.587,0.54
4551,0.0,0.0
4552,0.401,0.0
4553,0.522,0.313
4554,0.511,0.0
4555,0.492,0.0
4556,0.489,0.561
4557,0.556,0.489
4558,0.43,0.0
4559,0.529,0.0
4560,0.325,0.0
4561,0.553,0.0
4562,0.57,0.0
4563,0.317,0.0
4564,0.502,0.303
4565,0.61,0.595
4566,0.552,0.0
4567,0.517,0.0
4568,0.619,0.437
4569,0.629,0.471
4570,0.598,0.357
4571,0.611,0.0
4572,0.0,0.0
4573,0.599,0.0
4574,0.609,0.0
4575,0.383,0.0
4576,0.53,0.0
4577,0.0,0.5
4578,0.0,0.0
4579,0.463,0.0
4580,0.539,0.0
4581,0.478,0.444
4582,0.494,0.0
4583,0.558,0.833
4584,0.5,0.633
4585,0.541,0.0
4586,0.599,0.0
4587,0.5,0.496
4588,0.402,0.613
4589,0.472,0.0
4590,0.631,0.0
4591,0.422,0.0
4592,0.426,0.498
4593,0.0,0.437
4594,0.39,0.0
4595,0.386,0.5
4596,0.562,0.636
4597,0.528,0.0
4598,0.532,0.49
4599,0.613,0.496
4600,0.522,0.0
4601,0.471,0.0
4602,0.713,0.5
4603,0.439,0.0
4604,0.38,0.0
4605,0.436,0.0
4606,0.551,0.636
4607,0.46,0.492
4608,0.579,0.529
4609,0.505,0.0
4610,0.505,0.541
4611,0.456,0.444
4612,0.501,0.0
4613,0.575,0.0
4614,0.606,0.0
4615,0.476,0.0
4616,0.486,0.0
4617,0.528,0.0
4618,0.481,0.0
4619,0.0,0.0
4620,0.506,0.0
4621,0.633,0.0
4622,0.465,0.0
4623,0.567,0.0
4624,0.537,0.667
4625,0.549,0.0
4626,0.538,0.0
4627,0.55,0.0
4628,0.0,0.0
4629,0.279,0.0
4630,0.445,0.0
4631,0.418,0.0
4632,0.412,0.0
4633,0.603,0.0
4634,0.397,0.567
4635,0.562,0.0
4636,0.431,0.0
4637,0.444,0.547
4638,0.484,0.619
4639,0.351,1.0
4640,0.519,0.593
4641,0.615,0.0
4642,0.59,0.0
4643,0.59,0.75
4644,0.467,0.0
4645,0.633,0.0
4646,0.66,0.0
4647,0.525,0.413
4648,0.507,0.0
4649,0.433,0.0
4650,0.421,0.0
4651,0.515,0.0
4652,0.561,0.766
4653,0.456,0.0
4654,0.301,0.0
4655,0.461,1.0
4656,0.0,0.0
4657,0.612,0.415
4658,0.0,0.0
4659,0.451,0.0
4660,0.468,0.0
4661,0.621,0.0
4662,0.458,0.0
4663,0.603,0.567
4664,0.57,0.442
4665,0.367,0.426
4666,0.337,0.424
4667,0.55,0.0
4668,0.656,0.444
4669,0.499,0.611
4670,0.49,0.329
4671,0.466,0.0
4672,0.0,0.456
4673,0.0,0.633
4674,0.511,0.0
4675,0.558,0.0
4676,0.548,0.0
4677,0.56,0.0
4678,0.576,0.0
4679,0.613,0.0
4680,0.452,0.0
4681,0.565,0.561
4682,0.531,0.0
4683,0.5,0.0
4684,0.474,0.0
4685,0.447,0.489
4686,0.344,0.0
4687,0.541,0.41
4688,0.442,0.0
4689,0.438,0.0
4690,0.484,0.0
4691,0.555,0.437
4692,0.565,0.651
4693,0.511,0.539
4694,0.506,0.0
4695,0.434,0.561
4696,0.496,0.0
4697,0.394,0.683
4698,0.528,0.415
4699,0.554,0.535
4700,0.567,0.0
4701,0.495,0.0
4702,0.456,0.0
4703,0.565,0.0
4704,0.542,0.704
4705,0.0,0.0
4706,0.512,0.498
4707,0.0,0.0
4708,0.586,0.0
4709,0.583,0.643
4710,0.518,0.905
4711,0.527,0.407
4712,0.514,0.544
4713,0.0,0.489
4714,0.0,0.437
4715,0.446,0.0
4716,0.398,1.0
4717,0.489,0.306
4718,0.625,0.0
4719,0.0,0.0
4720,0.442,0.718
4721,0.571,0.574
4722,0.483,0.544
4723,0.0,0.636
4724,0.458,0.636
4725,0.377,0.0
4726,0.0,0.561
4727,0.571,0.956
4728,0.501,0.0
4729,0.625,0.0
4730,0.575,0.0
4731,0.0,0.561
4732,0.443,0.532
4733,0.41,0.498
4734,0.474,0.561
4735,0.541,0.0
4736,0.496,1.0
4737,0.607,0.0
4738,0.472,0.0
4739,0.552,0.52
4740,0.0,0.496
4741,0.71,0.0
4742,0.576,0.0
4743,0.596,0.0
4744,0.577,0.538
4745,0.0,0.0
4746,0.567,0.0
4747,0.519,0.0
4748,0.363,0.0
4749,0.52,0.0
4750,0.519,0.556
4751,0.417,0.0
4752,0.482,0.551
4753,0.499,0.0
4754,0.429,0.597
4755,0.565,0.0
4756,0.472,0.556
4757,0.589,0.0
4758,0.458,0.0
4759,0.433,0.0
4760,0.431,0.596
4761,0.51,0.605
4762,0.476,0.0
4763,0.418,0.0
4764,0.567,0.485
4765,0.41,0.664
4766,0.519,0.0
4767,0.503,0.0
4768,0.489,0.0
4769,0.544,0.413
4770,0.612,0.0
4771,0.598,0.0
4772,0.618,0.0
4773,0.482,0.0
4774,0.0,0.0
4775,0.436,0.432
4776,0.464,0.0
4777,0.428,0.544
4778,0.389,0.0
4779,0.447,0.561
4780,0.446,0.0
4781,0.537,0.53
4782,0.683,0.603
4783,0.513,0.554
4784,0.472,1.0
4785,0.611,0.643
4786,0.593,0.0
4787,0.601,0.307
4788,0.417,0.0
4789,0.41,0.0
4790,0.456,0.437
4791,0.0,0.0
4792,0.0,0.0
4793,0.616,0.0
4794,0.419,0.0
4795,0.439,0.0
4796,0.539,0.325
4797,0.0,0.0
4798,0.589,0.439
4799,0.45,0.467
4800,0.424,0.796
4801,0.573,0.604
4802,0.496,0.625
4803,0.606,0.917
4804,0.489,0.68
4805,0.408,0.0
4806,0.555,0.567
4807,0.603,0.0
4808,0.456,0.0
4809,0.492,0.54
4810,0.0,0.0
4811,0.492,0.0
4812,0.526,0.437
4813,0.282,0.652
4814,0.0,0.687
4815,0.356,0.889
4816,0.615,0.656
4817,0.514,0.0
4818,0.678,0.0
4819,0.512,0.413
4820,0.571,0.0
4821,0.547,0.0
4822,0.423,0.541
4823,0.512,0.0
4824,0.513,0.613
4825,0.733,1.0
4826,0.648,0.0
4827,0.639,0.0
4828,0.55,0.0
4829,0.409,0.683
4830,0.556,0.0
4831,0.522,0.0
4832,0.392,0.0
4833,0.577,0.419
4834,0.522,0.952
4835,0.45,0.0
4836,0.0,0.613
4837,0.448,0.0
4838,0.6,0.0
4839,0.562,0.0
4840,0.561,0.619
4841,0.429,0.0
4842,0.458,0.0
4843,0.516,0.0
4844,0.432,0.643
4845,0.494,0.0
4846,0.471,0.0
4847,0.348,0.905
4848,0.404,0.437
4849,0.0,0.0
4850,0.0,0.0
4851,0.563,0.0
4852,0.431,0.0
4853,0.411,0.0
4854,0.437,0.0
4855,0.489,0.526
4856,0.569,0.0
4857,0.41,0.0
4858,0.694,0.0
4859,0.713,0.411
4860,0.603,0.0
4861,0.0,0.0
4862,0.471,0.0
4863,0.0,0.494
4864,0.592,0.0
4865,0.428,0.338
4866,0.412,0.439
4867,0.0,0.0
4868,0.0,0.0
4869,0.47,0.0
4870,0.616,0.0
4871,0.594,0.0
4872,0.507,0.0
4873,0.406,0.0
4874,0.404,0.413
4875,0.606,0.0
4876,0.455,1.0
4877,0.511,0.0
4878,0.356,0.0
4879,0.458,0.578
4880,0.0,0.282
4881,0.647,0.0
4882,0.514,0.0
4883,0.503,0.0
4884,0.601,0.0
4885,0.0,0.0
4886,0.56,0.8
4887,0.466,0.454
4888,0.489,1.0
4889,0.465,0.0
4890,0.456,0.0
4891,0.442,0.0
4892,0.492,0.0
4893,0.476,0.0
4894,0.451,0.821
4895,0.703,0.0
4896,0.419,0.0
4897,0.639,0.0
4898,0.361,0.0
4899,0.403,0.0
4900,0.48,0.473
4901,0.55,0.437
4902,0.439,0.833
4903,0.513,0.0
4904,0.561,0.0
4905,0.632,0.643
4906,0.568,0.0
4907,0.502,0.0
4908,0.0,0.0
4909,0.544,0.0
4910,0.491,0.613
4911,0.481,0.0
4912,0.489,0.69
4913,0.472,0.0
4914,0.584,0.0
4915,0.507,0.675
4916,0.546,0.0
4917,0.57,0.0
4918,0.529,0.0
4919,0.556,0.548
4920,0.0,0.0
4921,0.0,0.357
4922,0.573,0.0
4923,0.528,0.54
4924,0.579,0.0
4925,0.611,0.0
4926,0.648,0.0
4927,0.403,0.0
4928,0.419,0.0
4929,0.405,0.0
4930,0.532,1.0
4931,0.618,0.0
4932,0.585,0.0
4933,0.561,0.905
4934,0.0,0.0
4935,0.0,0.0
4936,0.513,0.688
4937,0.514,0.0
4938,0.533,0.0
4939,0.733,0.306
4940,0.573,0.0
4941,0.553,0.0
4942,0.694,0.0
4943,0.451,0.543
4944,0.496,0.458
4945,0.583,0.0
4946,0.57,0.0
4947,0.519,0.0
4948,0.483,0.0
4949,0.468,0.0
4950,0.516,0.0
4951,0.399,0.537
4952,0.569,0.0
4953,0.655,0.42
4954,0.64,0.798
4955,0.631,0.446
4956,0.577,0.529
4957,0.566,0.515
4958,0.422,0.4
4959,0.413,0.0
4960,0.0,0.444
4961,0.627,0.306
4962,0.686,0.0
4963,0.519,0.0
4964,0.557,0.489
4965,0.574,0.0
4966,0.0,0.0
4967,0.0,1.0
4968,0.53,0.0
4969,0.522,0.0
4970,0.419,0.912
4971,0.435,0.0
4972,0.406,0.0
4973,0.0,0.0
4974,0.556,1.0
4975,0.544,0.0
4976,0.0,0.0
4977,0.47,0.0
4978,0.547,0.0
4979,0.535,0.0
4980,0.488,0.0
4981,0.48,0.651
4982,0.567,0.0
4983,0.409,0.0
4984,0.591,0.505
4985,0.525,0.0
4986,0.542,0.0
4987,0.505,0.0
4988,0.0,0.518
4989,0.0,0.0
4990,0.5,0.442
4991,0.477,0.0
4992,0.371,0.493
4993,0.519,0.0
4994,0.603,0.0
4995,0.575,0.0
4996,0.599,0.0
4997,0.465,0.0
4998,0.578,0.0
4999,0.306,0.0
5000,0.0,0.0
5001,0.611,0.0
5002,0.554,0.0
5003,0.467,0.0
5004,0.301,0.0
5005,0.437,0.0
5006,0.573,0.0
5007,0.491,0.431
5008,0.69,0.556
5009,0.658,0.0
5010,0.528,0.0
5011,0.365,0.0
5012,0.58,0.448
5013,0.634,0.0
5014,0.599,0.932
5015,0.492,0.464
5016,0.482,0.0
5017,0.53,0.0
5018,0.497,0.0
5019,0.417,0.0
5020,0.42,0.0
5021,0.431,0.0
5022,0.636,0.0
5023,0.554,0.0
5024,0.426,0.788
5025,0.41,0.0
5026,0.0,0.0
5027,0.522,0.431
5028,0.581,0.0
5029,0.555,0.492
5030,0.553,0.0
5031,0.594,0.496
5032,0.0,0.0
5033,0.503,0.528
5034,0.578,0.575
5035,0.0,0.0
5036,0.516,0.0
5037,0.0,0.0
5038,0.513,0.0
5039,0.524,0.0
5040,0.609,0.0
5041,0.49,0.0
5042,0.448,0.0
5043,0.0,0.0
5044,0.378,0.0
5045,0.33,0.0
5046,0.475,0.0
5047,0.406,0.437
5048,0.396,0.0
5049,0.583,0.595
5050,0.0,0.0
5051,0.502,0.413
5052,0.484,0.0
5053,0.0,0.0
5054,0.311,0.0
5055,0.587,0.595
5056,0.541,0.0
5057,0.437,0.0
5058,0.594,0.0
5059,0.573,0.815
5060,0.0,0.0
5061,0.55,0.0
5062,0.483,0.0
5063,0.0,0.0
5064,0.463,0.0
5065,0.444,0.0
5066,0.342,0.0
5067,0.465,0.507
5068,0.489,0.0
5069,0.563,0.406
5070,0.547,0.424
5071,0.638,0.0
5072,0.364,0.0
5073,0.625,0.0
5074,0.0,0.0
5075,0.405,0.0
5076,0.779,0.496
5077,0.516,0.0
5078,0.621,0.0
5079,0.484,0.0
5080,0.524,0.0
5081,0.514,0.0
5082,0.495,0.444
5083,0.668,0.0
5084,0.737,0.496
5085,0.418,0.0
5086,0.0,0.0
5087,0.64,0.0
5088,0.0,0.0
5089,0.369,0.0
5090,0.472,0.598
5091,0.5,0.0
5092,0.472,0.0
5093,0.532,0.69
5094,0.552,0.595
5095,0.552,0.437
5096,0.438,0.0
5097,0.524,0.0
5098,0.465,0.0
5099,0.514,0.0
5100,0.806,0.0
5101,0.431,0.0
5102,0.355,0.0
5103,0.449,0.613
5104,0.615,0.611
5105,0.486,0.0
5106,0.543,0.444
5107,0.418,0.0
5108,0.0,0.484
5109,0.483,0.0
5110,0.611,0.0
5111,0.639,0.0
5112,0.525,0.0
5113,0.474,0.437
5114,0.54,0.0
5115,0.0,0.0
5116,0.485,0.0
5117,0.417,0.0
5118,0.489,1.0
5119,0.534,0.0
5120,0.595,0.766
5121,0.395,0.0
5122,0.54,0.0
5123,0.537,0.578
5124,0.482,0.0
5125,0.0,0.0
5126,0.544,0.0
5127,0.528,1.0
5128,0.612,0.0
5129,0.537,0.0
5130,0.471,0.0
5131,0.595,0.0
5132,0.456,0.0
5133,0.523,0.0
5134,0.505,0.0
5135,0.553,0.0
5136,0.481,0.0
5137,0.521,0.0
5138,0.476,0.0
5139,0.0,0.0
5140,0.381,0.531
5141,0.515,0.0
5142,0.428,0.54
5143,0.584,0.0
5144,0.0,0.0
5145,0.444,0.0
5146,0.587,0.0
5147,0.686,0.0
5148,0.477,0.0
5149,0.447,0.0
5150,0.417,0.489
5151,0.673,0.0
5152,0.0,0.0
5153,0.552,0.432
5154,0.562,0.567
5155,0.612,0.0
5156,0.468,0.0
5157,0.704,0.0
5158,0.548,0.821
5159,0.399,0.458
5160,0.411,0.643
5161,0.461,0.643
5162,0.462,0.0
5163,0.456,0.0
5164,0.725,0.812
5165,0.0,0.0
5166,0.667,0.0
5167,0.601,0.0
5168,0.394,0.0
5169,0.432,0.694
5170,0.485,0.0
5171,0.514,0.629
5172,0.603,0.302
5173,0.489,0.646
5174,0.41,0.617
5175,0.627,0.0
5176,0.624,0.84
5177,0.542,0.0
5178,0.433,0.437
5179,0.556,0.0
5180,0.507,0.944
5181,0.0,0.0
5182,0.0,0.595
5183,0.494,0.0
5184,0.424,0.0
5185,0.708,0.51
5186,0.0,0.483
5187,0.472,0.0
5188,0.557,0.0
5189,0.569,0.0
5190,0.411,0.0
5191,0.468,0.0
5192,0.543,0.0
5193,0.443,0.688
5194,0.0,0.956
5195,0.481,0.489
5196,0.556,0.0
5197,0.487,0.0
5198,0.452,0.0
5199,0.451,0.0
5200,0.646,0.0
5201,0.574,0.0
5202,0.466,0.515
5203,0.55,0.0
5204,0.0,0.0
5205,0.339,0.0
5206,0.0,0.0
5207,0.505,0.911
5208,0.411,0.0
5209,0.294,0.0
5210,0.527,0.0
5211,0.0,0.0
5212,0.448,0.509
5213,0.414,0.0
5214,0.422,0.0
5215,0.586,0.905
5216,0.505,0.0
5217,0.389,0.43
5218,0.626,0.532
5219,0.442,0.778
5220,0.474,0.0
5221,0.386,0.786
5222,0.487,0.0
5223,0.513,0.0
5224,0.46,0.623
5225,0.478,1.0
5226,0.548,0.0
5227,0.469,0.0
5228,0.464,0.465
5229,0.572,0.522
5230,0.49,0.0
5231,0.521,0.44
5232,0.0,0.0
5233,0.528,0.0
5234,0.381,0.0
5235,0.509,0.0
5236,0.0,0.0
5237,0.539,0.0
5238,0.466,0.437
5239,0.642,0.0
5240,0.401,0.0
5241,0.419,0.0
5242,0.467,0.0
5243,0.512,0.431
5244,0.332,0.0
5245,0.563,0.595
5246,0.554,0.0
5247,0.566,0.0
5248,0.431,0.0
5249,0.494,0.548
5250,0.0,0.0
5251,0.531,0.661
5252,0.415,0.415
5253,0.451,0.68
5254,0.55,0.444
5255,0.574,0.0
5256,0.767,0.0
5257,0.571,0.0
5258,0.426,0.0
5259,0.426,0.0
5260,0.483,0.0
5261,0.477,0.0
5262,0.0,0.0
5263,0.565,0.0
5264,0.597,0.0
5265,0.429,0.0
5266,0.587,0.0
5267,0.0,0.0
5268,0.543,0.0
5269,0.456,0.54
5270,0.538,0.684
5271,0.424,0.723
5272,0.529,0.44
5273,0.494,0.0
5274,0.403,0.0
5275,0.506,0.0
5276,0.524,0.708
5277,0.653,0.0
5278,0.519,0.496
5279,0.471,0.0
5280,0.604,0.0
5281,0.456,0.0
5282,0.48,0.0
5283,0.461,0.788
5284,0.448,0.0
5285,0.581,0.0
5286,0.0,0.0
5287,0.365,0.619
5288,0.0,0.524
5289,0.643,0.54
5290,0.463,0.437
5291,0.415,1.0
5292,0.573,0.556
5293,0.0,0.0
5294,0.411,0.0
5295,0.611,0.466
5296,0.471,0.0
5297,0.658,0.778
5298,0.578,0.0
5299,0.0,0.0
5300,0.597,0.456
5301,0.506,0.0
5302,0.561,0.528
5303,0.512,0.0
5304,0.507,0.0
5305,0.597,0.0
5306,0.597,0.0
5307,0.45,0.497
5308,0.54,0.0
5309,0.643,0.0
5310,0.531,0.645
5311,0.565,0.577
5312,0.487,0.0
5313,0.0,0.628
5314,0.528,0.0
5315,0.0,0.0
5316,0.0,0.43
5317,0.0,0.0
5318,0.537,0.365
5319,0.45,0.0
5320,0.494,0.0
5321,0.4,0.0
5322,0.0,0.0
5323,0.489,0.437
5324,0.0,0.0
5325,0.0,0.0
5326,0.522,0.0
5327,0.403,0.0
5328,0.456,0.0
5329,0.547,0.0
5330,0.0,0.0
5331,0.0,0.0
5332,0.0,0.0
5333,0.447,0.413
5334,0.686,0.0
5335,0.0,0.0
5336,0.577,0.0
5337,0.0,0.0
5338,0.0,0.437
5339,0.0,0.0
5340,0.531,0.0
5341,0.0,0.0
5342,0.632,0.0
5343,0.589,0.0
5344,0.389,0.0
5345,0.486,0.0
5346,0.583,0.0
5347,0.0,0.0
5348,0.597,0.0
5349,0.558,0.0
5350,0.454,0.0
5351,0.289,0.0
5352,0.638,0.0
5353,0.496,0.0
5354,0.0,0.0
5355,0.0,0.0
5356,0.0,0.0
5357,0.0,0.0
5358,0.0,0.0
5359,0.464,0.0
5360,0.505,0.0
5361,0.0,1.0
5362,0.0,0.0
5363,0.0,0.0
5364,0.596,0.44
5365,0.428,0.0
5366,0.543,0.0
5367,0.0,0.525
5368,0.472,0.561
5369,0.633,0.595
5370,0.529,0.437
5371,0.505,0.0
5372,0.529,0.0
5373,0.476,0.0
5374,0.571,0.0
5375,0.524,0.48
5376,0.0,0.0
5377,0.662,0.0
5378,0.579,0.0
5379,0.508,0.0
5380,0.71,0.0
5381,0.428,0.0
5382,0.623,0.0
5383,0.601,0.0
5384,0.0,0.0
5385,0.398,0.0
5386,0.541,0.419
5387,0.577,0.489
5388,0.626,0.0
5389,0.583,0.0
5390,0.442,0.0
5391,0.292,0.0
5392,0.519,0.0
5393,0.547,0.524
5394,0.548,0.0
5395,0.408,0.0
5396,0.442,0.0
5397,0.534,0.0
5398,0.528,0.0
5399,0.361,0.0
5400,0.521,0.0
5401,0.635,0.0
5402,0.465,0.0
5403,0.625,0.595
5404,0.623,0.627
5405,0.467,0.0
5406,0.621,0.0
5407,0.643,0.0
5408,0.665,0.0
5409,0.0,0.0
5410,0.501,0.583
5411,0.505,0.0
5412,0.461,0.422
5413,0.582,0.0
5414,0.588,0.0
5415,0.461,0.0
5416,0.504,0.0
5417,0.465,0.0
5418,0.548,0.0
5419,0.448,0.0
5420,0.517,0.0
5421,0.534,0.411
5422,0.574,0.0
5423,0.618,0.0
5424,0.588,0.0
5425,0.542,0.0
5426,0.389,0.0
5427,0.0,0.619
5428,0.486,0.0
5429,0.451,0.0
5430,0.475,0.496
5431,0.525,0.524
5432,0.0,0.0
5433,0.0,0.0
5434,0.414,0.0
5435,0.459,0.437
5436,0.0,0.0
5437,0.517,0.0
5438,0.537,0.0
5439,0.511,0.0
5440,0.432,0.0
5441,0.527,0.0
5442,0.557,0.0
5443,0.48,0.0
5444,0.0,0.0
5445,0.573,0.0
5446,0.473,1.0
5447,0.484,0.683
5448,0.0,0.0
5449,0.552,0.0
5450,0.433,0.0
5451,0.473,0.0
5452,0.645,0.595
5453,0.472,0.0
5454,0.0,0.567
5455,0.359,0.0
5456,0.619,0.595
5457,0.571,0.0
5458,0.512,0.0
5459,0.528,0.0
5460,0.496,0.0
5461,0.587,0.0
5462,0.561,0.595
5463,0.41,0.0
5464,0.31,0.0
5465,0.4,0.0
5466,0.604,0.0
5467,0.68,0.625
5468,0.0,0.531
5469,0.0,0.556
5470,0.559,0.0
5471,0.6,0.0
5472,0.0,0.0
5473,0.542,0.727
5474,0.4,0.0
5475,0.386,0.0
5476,0.624,0.0
5477,0.473,0.0
5478,0.708,0.0
5479,0.0,0.0
5480,0.413,0.0
5481,0.472,0.0
5482,0.471,0.0
5483,0.528,0.0
5484,0.0,0.0
5485,0.511,0.0
5486,0.575,0.0
5487,0.382,0.0
5488,0.0,0.0
5489,0.467,0.0
5490,0.554,0.0
5491,0.489,0.0
5492,0.0,0.0
5493,0.428,0.0
5494,0.0,0.0
5495,0.378,0.544
5496,0.547,0.517
5497,0.508,0.0
5498,0.547,0.0
5499,0.552,0.0
5500,0.603,0.0
5501,0.5,0.0
5502,0.471,0.0
5503,0.407,0.0
5504,0.0,0.0
5505,0.0,0.0
5506,0.661,0.0
5507,0.0,0.0
5508,0.0,0.0
5509,0.325,0.0
5510,0.412,0.0
5511,0.544,0.644
5512,0.45,0.462
5513,0.537,0.473
5514,0.633,0.445
5515,0.529,0.0
5516,0.524,0.0
5517,0.342,0.0
5518,0.458,0.451
5519,0.45,0.444
5520,0.49,0.0
5521,0.552,0.0
5522,0.608,0.0
5523,0.645,0.0
5524,0.652,0.0
5525,0.62,0.0
5526,0.0,0.0
5527,0.0,0.0
5528,0.504,0.379
5529,0.633,0.542
5530,0.0,0.0
5531,0.638,0.0
5532,0.603,0.483
5533,0.0,0.0
5534,0.563,0.0
5535,0.623,0.561
5536,0.5,0.444
5537,0.49,0.0
5538,0.0,0.0
5539,0.0,0.0
5540,0.443,0.429
5541,0.553,0.512
5542,0.503,0.0
5543,0.475,0.0
5544,0.579,0.0
5545,0.413,0.444
5546,0.471,0.889
5547,0.54,0.0
5548,0.489,0.437
5549,0.594,0.0
5550,0.669,0.0
5551,0.54,0.0
5552,0.524,0.307
5553,0.514,0.489
5554,0.484,0.0
5555,0.0,0.0
5556,0.383,0.307
5557,0.524,0.561
5558,0.356,0.0
5559,0.48,0.0
5560,0.519,0.529
5561,0.5,0.903
5562,0.585,0.654
5563,0.532,0.484
5564,0.526,0.633
5565,0.496,0.7
5566,0.62,0.561
5567,0.616,0.0
5568,0.519,0.708
5569,0.49,0.426
5570,0.448,0.0
5571,0.0,0.0
5572,0.66,0.0
5573,0.591,0.0
5574,0.367,0.0
5575,0.515,0.496
5576,0.411,0.42
5577,0.0,0.0
5578,0.633,0.501
5579,0.0,0.0
5580,0.598,0.0
5581,0.0,0.0
5582,0.536,0.69
5583,0.683,0.613
5584,0.43,0.556
5585,0.448,0.0
5586,0.371,0.819
5587,0.0,0.529
5588,0.564,0.421
5589,0.456,0.0
5590,0.421,0.0
5591,0.493,0.0
5592,0.0,0.0
5593,0.566,0.0
5594,0.494,0.595
5595,0.568,0.0
5596,0.58,0.0
5597,0.527,0.0
5598,0.519,0.0
5599,0.578,0.553
5600,0.536,0.0
5601,0.594,0.0
5602,0.0,0.0
5603,0.639,0.0
5604,0.0,0.0
5605,0.509,0.0
5606,0.494,0.0
5607,0.0,0.595
5608,0.495,0.475
5609,0.521,0.0
5610,0.558,0.0
5611,0.0,0.0
5612,0.398,0.0
5613,0.0,0.0
5614,0.519,0.0
5615,0.0,0.0
5616,0.0,0.0
5617,0.0,0.0
5618,0.0,0.0
5619,0.567,0.0
5620,0.533,0.0
5621,0.481,0.0
5622,0.503,0.556
5623,0.472,0.0
5624,0.488,0.0
5625,0.0,0.0
5626,0.0,0.0
5627,0.0,0.0
5628,0.0,0.0
5629,0.0,0.0
5630,0.533,0.0
5631,0.308,0.0
5632,0.509,0.0
5633,0.448,0.0
5634,0.503,0.0
5635,0.0,0.0
5636,0.463,0.0
5637,0.605,0.0
5638,0.551,0.0
5639,0.394,0.0
5640,0.455,0.0
5641,0.583,0.0
5642,0.572,0.0
5643,0.611,0.0
5644,0.561,0.0
5645,0.478,0.0
5646,0.366,0.0
5647,0.606,0.0
5648,0.431,0.456
5649,0.544,0.0
5650,0.521,0.0
5651,0.0,0.0
5652,0.367,0.0
5653,0.589,0.0
5654,0.606,0.0
5655,0.0,0.0
5656,0.0,0.0
5657,0.486,0.0
5658,0.549,0.0
5659,0.664,0.4
5660,0.557,0.821
5661,0.432,0.724
5662,0.0,0.487
5663,0.0,0.0
5664,0.0,0.459
5665,0.708,0.544
5666,0.505,0.0
5667,0.0,0.405
5668,0.0,0.768
5669,0.483,0.0
5670,0.5,0.0
5671,0.0,0.0
5672,0.421,0.0
5673,0.457,0.0
5674,0.535,0.0
5675,0.515,0.0
5676,0.556,0.0
5677,0.689,0.449
5678,0.694,0.0
5679,0.55,0.0
5680,0.549,0.437
5681,0.582,0.431
5682,0.444,0.0
5683,0.467,0.437
5684,0.53,0.0
5685,0.5,0.0
5686,0.5,0.0
5687,0.543,1.0
5688,0.0,0.456
5689,0.542,0.528
5690,0.567,0.4
5691,0.587,0.0
5692,0.0,0.0
5693,0.0,0.0
5694,0.0,0.0
5695,0.0,0.0
5696,0.0,0.63
5697,0.0,0.533
5698,0.0,0.698
5699,0.633,0.0
5700,0.628,0.567
5701,0.516,0.0
5702,0.534,0.473
5703,0.421,0.54
5704,0.0,0.0
5705,0.0,0.0
5706,0.0,0.0
5707,0.0,0.662
5708,0.463,0.724
5709,0.597,0.426
5710,0.0,0.0
5711,0.0,0.0
5712,0.0,1.0
5713,0.617,0.0
5714,0.408,0.0
5715,0.602,0.0
5716,0.0,0.625
5717,0.0,0.544
5718,0.0,0.497
5719,0.0,0.0
5720,0.0,0.542
5721,0.622,0.739
5722,0.506,0.0
5723,0.0,0.0
5724,0.0,0.595
5725,0.0,0.0
5726,0.0,0.649
5727,0.0,0.0
5728,0.0,0.0
5729,0.571,0.767
5730,0.511,0.437
5731,0.474,0.338
5732,0.248,0.613
5733,0.54,0.905
5734,0.531,0.0
5735,0.541,0.0
5736,0.582,0.0
5737,0.468,0.0
5738,0.444,0.0
5739,0.523,0.0
5740,0.474,0.0
5741,0.412,0.0
5742,0.423,0.0
5743,0.448,0.0
5744,0.663,0.0
5745,0.484,0.0
5746,0.456,0.0
5747,0.591,0.0
5748,0.606,0.0
5749,0.0,0.0
5750,0.0,0.0
5751,0.0,0.0
5752,0.0,0.653
5753,0.0,0.542
5754,0.0,0.0
5755,0.0,0.0
5756,0.0,0.0
5757,0.0,0.0
5758,0.564,0.694
5759,0.549,0.0
5760,0.481,0.0
5761,0.0,0.0
5762,0.445,0.532
5763,0.484,0.532
5764,0.525,0.657
5765,0.281,0.513
5766,0.511,0.0
5767,0.444,0.0
5768,0.0,0.0
5769,0.0,0.0
5770,0.0,0.0
5771,0.667,0.0
5772,0.0,0.0
5773,0.0,0.595
5774,0.407,0.894
5775,0.576,0.304
5776,0.455,0.515
5777,0.403,0.0
5778,0.496,0.0
5779,0.575,0.458
5780,0.559,0.0
5781,0.526,0.0
5782,0.0,0.758
5783,0.0,0.437
5784,0.0,0.708
5785,0.542,0.456
5786,0.48,0.0
5787,0.468,0.706
5788,0.478,0.594
5789,0.0,0.0
5790,0.423,0.0
5791,0.0,0.0
5792,0.0,0.0
5793,0.438,0.588
5794,0.348,0.716
5795,0.0,0.496
5796,0.402,0.42
5797,0.0,0.0
5798,0.444,0.0
5799,0.54,0.484
5800,0.406,0.852
5801,0.404,0.0
5802,0.533,0.0
5803,0.0,0.0
5804,0.0,0.0
5805,0.0,0.614
5806,0.317,0.0
5807,0.525,0.472
5808,0.0,0.0
5809,0.0,0.0
5810,0.694,0.719
5811,0.615,0.617
5812,0.553,0.437
5813,0.0,0.0
5814,0.627,0.0
5815,0.544,0.595
5816,0.557,0.0
5817,0.593,0.0
5818,0.55,0.0
5819,0.585,0.0
5820,0.0,0.0
5821,0.0,0.0
5822,0.0,0.56
5823,0.635,0.0
5824,0.433,0.0
5825,0.456,0.615
5826,0.551,0.522
5827,0.0,0.0
5828,0.0,1.0
5829,0.0,0.0
5830,0.472,0.0
5831,0.476,0.0
5832,0.0,0.0
5833,0.544,0.0
5834,0.0,0.0
5835,0.532,0.0
5836,0.503,0.0
5837,0.579,0.0
5838,0.0,0.0
5839,0.472,0.0
5840,0.436,0.0
5841,0.456,0.0
5842,0.483,0.0
5843,0.0,0.595
5844,0.0,0.0
5845,0.472,0.0
5846,0.486,0.0
5847,0.437,0.0
5848,0.526,0.0
5849,0.0,0.0
5850,0.383,0.0
5851,0.419,0.543
5852,0.612,0.0
5853,0.436,0.0
5854,0.649,0.0
5855,0.406,0.0
5856,0.339,0.0
5857,0.562,0.0
5858,0.0,0.0
5859,0.531,0.0
5860,0.544,0.561
5861,0.413,0.0
5862,0.505,0.0
5863,0.0,0.0
5864,0.0,0.0
5865,0.478,0.0
5866,0.448,0.508
5867,0.537,0.0
5868,0.625,0.0
5869,0.456,0.0
5870,0.509,0.567
5871,0.567,0.48
5872,0.0,0.0
5873,0.612,0.0
5874,0.506,0.0
5875,0.652,0.0
5876,0.629,0.0
5877,0.523,0.0
5878,0.54,0.0
5879,0.45,0.0
5880,0.542,0.0
5881,0.468,0.0
5882,0.442,0.0
5883,0.448,0.0
5884,0.572,0.0
5885,0.662,0.0
5886,0.0,0.0
5887,0.0,0.0
5888,0.0,0.437
5889,0.452,0.0
5890,0.611,0.0
5891,0.0,0.0
5892,0.0,0.0
5893,0.338,0.889
5894,0.506,0.0
5895,0.581,0.0
5896,0.41,0.0
5897,0.484,0.0
5898,0.606,0.0
5899,0.637,0.0
5900,0.436,0.0
5901,0.493,1.0
5902,0.511,0.0
5903,0.529,0.0
5904,0.572,0.611
5905,0.569,0.619
5906,0.315,0.0
5907,0.0,0.0
5908,0.694,0.0
5909,0.441,0.0
5910,0.464,0.627
5911,0.531,0.0
5912,0.0,0.0
5913,0.0,0.0
5914,0.0,0.0
5915,0.0,0.0
5916,0.535,0.511
5917,0.0,0.0
5918,0.0,0.0
5919,0.0,0.0
5920,0.0,0.0
5921,0.0,0.0
5922,0.0,0.0
5923,0.504,0.595
5924,0.55,0.0
5925,0.557,0.889
5926,0.581,0.544
5927,0.587,0.633
5928,0.412,0.6
5929,0.564,0.0
5930,0.494,0.0
5931,0.0,0.0
5932,0.0,0.595
5933,0.533,1.0
5934,0.573,0.544
5935,0.454,0.0
5936,0.426,0.0
5937,0.0,0.595
5938,0.556,0.861
5939,0.58,0.737
5940,0.553,0.0
5941,0.422,0.0
5942,0.662,0.0
5943,0.627,0.505
5944,0.683,0.472
5945,0.68,0.613
5946,0.722,0.0
5947,0.462,0.0
5948,0.694,0.0
5949,0.689,0.0
5950,0.0,0.0
5951,0.0,0.0
5952,0.495,0.0
5953,0.55,0.0
5954,0.617,0.444
5955,0.478,0.746
5956,0.514,0.489
5957,0.0,0.0
5958,0.373,0.595
5959,0.468,0.0
5960,0.0,0.889
5961,0.0,0.544
5962,0.537,0.501
5963,0.505,0.0
5964,0.461,0.458
5965,0.45,0.556
5966,0.0,0.0
5967,0.596,0.0
5968,0.0,0.0
5969,0.593,0.0
5970,0.431,0.437
5971,0.441,0.595
5972,0.0,0.548
5973,0.0,0.492
5974,0.506,0.0
5975,0.578,0.0
5976,0.38,0.378
5977,0.685,0.0
5978,0.569,0.0
5979,0.58,0.0
5980,0.597,0.0
5981,0.513,0.0
5982,0.522,0.0
5983,0.397,0.0
5984,0.554,0.657
5985,0.561,0.529
5986,0.588,0.0
5987,0.506,0.0
5988,0.529,0.544
5989,0.511,0.0
5990,0.466,0.0
5991,0.322,0.0
5992,0.709,0.0
5993,0.594,0.0
5994,0.465,0.0
5995,0.489,0.0
5996,0.517,0.0
5997,0.608,0.567
5998,0.556,0.748
5999,0.503,0.473
